{
	"start":	{
		"connected":	[{
				"socket":	6,
				"local_host":	"10.10.0.124",
				"local_port":	47494,
				"remote_host":	"10.10.0.123",
				"remote_port":	5201
			}],
		"version":	"iperf 3.9",
		"system_info":	"Linux pmem-4 5.11.6-1-default #1 SMP Thu Mar 11 16:11:36 UTC 2021 (7358b30) x86_64",
		"timestamp":	{
			"time":	"Mon, 11 Oct 2021 13:27:45 GMT",
			"timesecs":	1633958865
		},
		"connecting_to":	{
			"host":	"10.10.0.123",
			"port":	5201
		},
		"cookie":	"qgv4zqlgoqbvldyc5xakeyi4622lehbl5f2e",
		"tcp_mss_default":	1448,
		"sock_bufsize":	0,
		"sndbuf_actual":	16384,
		"rcvbuf_actual":	131072,
		"test_start":	{
			"protocol":	"TCP",
			"num_streams":	1,
			"blksize":	256,
			"omit":	0,
			"duration":	20,
			"bytes":	0,
			"blocks":	0,
			"reverse":	0,
			"tos":	0
		}
	},
	"intervals":	[{
			"streams":	[{
					"socket":	6,
					"start":	0,
					"end":	20.000015,
					"seconds":	20.000015258789062,
					"bytes":	4529310720,
					"bits_per_second":	1811722905.7651172,
					"retransmits":	0,
					"snd_cwnd":	94120,
					"rtt":	114,
					"rttvar":	62,
					"pmtu":	1500,
					"omitted":	false,
					"sender":	true
				}],
			"sum":	{
				"start":	0,
				"end":	20.000015,
				"seconds":	20.000015258789062,
				"bytes":	4529310720,
				"bits_per_second":	1811722905.7651172,
				"retransmits":	0,
				"omitted":	false,
				"sender":	true
			}
		}],
	"end":	{
		"streams":	[{
				"sender":	{
					"socket":	6,
					"start":	0,
					"end":	20.000015,
					"seconds":	20.000015,
					"bytes":	4529310720,
					"bits_per_second":	1811722929.207803,
					"retransmits":	0,
					"max_snd_cwnd":	94120,
					"max_rtt":	114,
					"min_rtt":	114,
					"mean_rtt":	114,
					"sender":	true
				},
				"receiver":	{
					"socket":	6,
					"start":	0,
					"end":	20.000083,
					"seconds":	20.000015,
					"bytes":	4527622312,
					"bits_per_second":	1811041408.9781528,
					"sender":	true
				}
			}],
		"sum_sent":	{
			"start":	0,
			"end":	20.000015,
			"seconds":	20.000015,
			"bytes":	4529310720,
			"bits_per_second":	1811722929.207803,
			"retransmits":	0,
			"sender":	true
		},
		"sum_received":	{
			"start":	0,
			"end":	20.000083,
			"seconds":	20.000083,
			"bytes":	4527622312,
			"bits_per_second":	1811041408.9781528,
			"sender":	true
		},
		"cpu_utilization_percent":	{
			"host_total":	61.663127784157567,
			"host_user":	8.71920052254265,
			"host_system":	52.9439072622789,
			"remote_total":	61.536210528621751,
			"remote_user":	7.65441399717159,
			"remote_system":	53.8817873011501
		},
		"sender_tcp_congestion":	"cubic",
		"receiver_tcp_congestion":	"cubic"
	}
}
