{
	"start":	{
		"connected":	[{
				"socket":	6,
				"local_host":	"10.10.0.124",
				"local_port":	47722,
				"remote_host":	"10.10.0.123",
				"remote_port":	5201
			}],
		"version":	"iperf 3.9",
		"system_info":	"Linux pmem-4 5.11.6-1-default #1 SMP Thu Mar 11 16:11:36 UTC 2021 (7358b30) x86_64",
		"timestamp":	{
			"time":	"Mon, 11 Oct 2021 13:35:46 GMT",
			"timesecs":	1633959346
		},
		"connecting_to":	{
			"host":	"10.10.0.123",
			"port":	5201
		},
		"cookie":	"2zy2w5j3jzsk4x6lvv4jyixtrjm7qalcqovl",
		"tcp_mss_default":	1448,
		"sock_bufsize":	0,
		"sndbuf_actual":	16384,
		"rcvbuf_actual":	131072,
		"test_start":	{
			"protocol":	"TCP",
			"num_streams":	1,
			"blksize":	12288,
			"omit":	0,
			"duration":	20,
			"bytes":	0,
			"blocks":	0,
			"reverse":	0,
			"tos":	0
		}
	},
	"intervals":	[{
			"streams":	[{
					"socket":	6,
					"start":	0,
					"end":	20.000073,
					"seconds":	20.000072479248047,
					"bytes":	23522164808,
					"bits_per_second":	9408831825.94721,
					"retransmits":	486,
					"snd_cwnd":	2759888,
					"rtt":	940,
					"rttvar":	100,
					"pmtu":	1500,
					"omitted":	false,
					"sender":	true
				}],
			"sum":	{
				"start":	0,
				"end":	20.000073,
				"seconds":	20.000072479248047,
				"bytes":	23522164808,
				"bits_per_second":	9408831825.94721,
				"retransmits":	486,
				"omitted":	false,
				"sender":	true
			}
		}],
	"end":	{
		"streams":	[{
				"sender":	{
					"socket":	6,
					"start":	0,
					"end":	20.000073,
					"seconds":	20.000073,
					"bytes":	23522164808,
					"bits_per_second":	9408831580.96473,
					"retransmits":	486,
					"max_snd_cwnd":	2759888,
					"max_rtt":	940,
					"min_rtt":	940,
					"mean_rtt":	940,
					"sender":	true
				},
				"receiver":	{
					"socket":	6,
					"start":	0,
					"end":	20.000182,
					"seconds":	20.000073,
					"bytes":	23520208312,
					"bits_per_second":	9407997712.02082,
					"sender":	true
				}
			}],
		"sum_sent":	{
			"start":	0,
			"end":	20.000073,
			"seconds":	20.000073,
			"bytes":	23522164808,
			"bits_per_second":	9408831580.96473,
			"retransmits":	486,
			"sender":	true
		},
		"sum_received":	{
			"start":	0,
			"end":	20.000182,
			"seconds":	20.000182,
			"bytes":	23520208312,
			"bits_per_second":	9407997712.02082,
			"sender":	true
		},
		"cpu_utilization_percent":	{
			"host_total":	43.1725157199844,
			"host_user":	2.2650177005287033,
			"host_system":	40.9074880198632,
			"remote_total":	63.9365660724939,
			"remote_user":	3.056756448431214,
			"remote_system":	60.8798146210163
		},
		"sender_tcp_congestion":	"cubic",
		"receiver_tcp_congestion":	"cubic"
	}
}
