{
	"start":	{
		"connected":	[{
				"socket":	6,
				"local_host":	"10.10.0.124",
				"local_port":	46732,
				"remote_host":	"10.10.0.123",
				"remote_port":	5201
			}, {
				"socket":	8,
				"local_host":	"10.10.0.124",
				"local_port":	46734,
				"remote_host":	"10.10.0.123",
				"remote_port":	5201
			}],
		"version":	"iperf 3.9",
		"system_info":	"Linux pmem-4 5.11.6-1-default #1 SMP Thu Mar 11 16:11:36 UTC 2021 (7358b30) x86_64",
		"timestamp":	{
			"time":	"Mon, 11 Oct 2021 12:08:06 GMT",
			"timesecs":	1633954086
		},
		"connecting_to":	{
			"host":	"10.10.0.123",
			"port":	5201
		},
		"cookie":	"qhkuewepmso56ixsjsaleo3c577g3wvywdoq",
		"tcp_mss_default":	1448,
		"sock_bufsize":	0,
		"sndbuf_actual":	16384,
		"rcvbuf_actual":	131072,
		"sock_bufsize":	0,
		"sndbuf_actual":	16384,
		"rcvbuf_actual":	131072,
		"test_start":	{
			"protocol":	"TCP",
			"num_streams":	2,
			"blksize":	20480,
			"omit":	0,
			"duration":	20,
			"bytes":	0,
			"blocks":	0,
			"reverse":	0,
			"tos":	0
		}
	},
	"intervals":	[{
			"streams":	[{
					"socket":	6,
					"start":	0,
					"end":	20.000079,
					"seconds":	20.000078201293945,
					"bytes":	2716574808,
					"bits_per_second":	1086625674.4233112,
					"retransmits":	0,
					"snd_cwnd":	73848,
					"rtt":	153,
					"rttvar":	11,
					"pmtu":	1500,
					"omitted":	false,
					"sender":	true
				}, {
					"socket":	8,
					"start":	0,
					"end":	20.00009,
					"seconds":	20.000089645385742,
					"bytes":	2716591352,
					"bits_per_second":	1086631670.2242382,
					"retransmits":	0,
					"snd_cwnd":	81088,
					"rtt":	151,
					"rttvar":	9,
					"pmtu":	1500,
					"omitted":	false,
					"sender":	true
				}],
			"sum":	{
				"start":	0,
				"end":	20.000079,
				"seconds":	20.000078201293945,
				"bytes":	5433166160,
				"bits_per_second":	2173257966.4207473,
				"retransmits":	0,
				"omitted":	false,
				"sender":	true
			}
		}],
	"end":	{
		"streams":	[{
				"sender":	{
					"socket":	6,
					"start":	0,
					"end":	20.000079,
					"seconds":	20.000079,
					"bytes":	2716574808,
					"bits_per_second":	1086625631.0287576,
					"retransmits":	0,
					"max_snd_cwnd":	73848,
					"max_rtt":	153,
					"min_rtt":	153,
					"mean_rtt":	153,
					"sender":	true
				},
				"receiver":	{
					"socket":	6,
					"start":	0,
					"end":	20.000228,
					"seconds":	20.000079,
					"bytes":	2715924376,
					"bits_per_second":	1086357365.9260285,
					"sender":	true
				}
			}, {
				"sender":	{
					"socket":	8,
					"start":	0,
					"end":	20.000079,
					"seconds":	20.000079,
					"bytes":	2716591352,
					"bits_per_second":	1086632248.602618,
					"retransmits":	0,
					"max_snd_cwnd":	81088,
					"max_rtt":	151,
					"min_rtt":	151,
					"mean_rtt":	151,
					"sender":	true
				},
				"receiver":	{
					"socket":	8,
					"start":	0,
					"end":	20.000228,
					"seconds":	20.000079,
					"bytes":	2715914240,
					"bits_per_second":	1086353311.572248,
					"sender":	true
				}
			}],
		"sum_sent":	{
			"start":	0,
			"end":	20.000079,
			"seconds":	20.000079,
			"bytes":	5433166160,
			"bits_per_second":	2173257879.6313753,
			"retransmits":	0,
			"sender":	true
		},
		"sum_received":	{
			"start":	0,
			"end":	20.000228,
			"seconds":	20.000228,
			"bytes":	5431838616,
			"bits_per_second":	2172710677.4982767,
			"sender":	true
		},
		"cpu_utilization_percent":	{
			"host_total":	7.7726664126816516,
			"host_user":	0.45118837988558674,
			"host_system":	7.3214730330910474,
			"remote_total":	69.673134864133573,
			"remote_user":	0.5894136133645197,
			"remote_system":	69.083721250769045
		},
		"sender_tcp_congestion":	"cubic",
		"receiver_tcp_congestion":	"cubic"
	}
}
