{
	"start":	{
		"connected":	[{
				"socket":	6,
				"local_host":	"10.10.0.124",
				"local_port":	47532,
				"remote_host":	"10.10.0.123",
				"remote_port":	5201
			}],
		"version":	"iperf 3.9",
		"system_info":	"Linux pmem-4 5.11.6-1-default #1 SMP Thu Mar 11 16:11:36 UTC 2021 (7358b30) x86_64",
		"timestamp":	{
			"time":	"Mon, 11 Oct 2021 13:29:05 GMT",
			"timesecs":	1633958945
		},
		"connecting_to":	{
			"host":	"10.10.0.123",
			"port":	5201
		},
		"cookie":	"xjckm7ibhux7uynkcq756cybxq2kvzzfzu62",
		"tcp_mss_default":	1448,
		"sock_bufsize":	0,
		"sndbuf_actual":	16384,
		"rcvbuf_actual":	131072,
		"test_start":	{
			"protocol":	"TCP",
			"num_streams":	1,
			"blksize":	512,
			"omit":	0,
			"duration":	20,
			"bytes":	0,
			"blocks":	0,
			"reverse":	0,
			"tos":	0
		}
	},
	"intervals":	[{
			"streams":	[{
					"socket":	6,
					"start":	0,
					"end":	20.000011,
					"seconds":	20.0000114440918,
					"bytes":	8416670720,
					"bits_per_second":	3366666361.5780554,
					"retransmits":	0,
					"snd_cwnd":	282360,
					"rtt":	203,
					"rttvar":	43,
					"pmtu":	1500,
					"omitted":	false,
					"sender":	true
				}],
			"sum":	{
				"start":	0,
				"end":	20.000011,
				"seconds":	20.0000114440918,
				"bytes":	8416670720,
				"bits_per_second":	3366666361.5780554,
				"retransmits":	0,
				"omitted":	false,
				"sender":	true
			}
		}],
	"end":	{
		"streams":	[{
				"sender":	{
					"socket":	6,
					"start":	0,
					"end":	20.000011,
					"seconds":	20.000011,
					"bytes":	8416670720,
					"bits_per_second":	3366666436.33346,
					"retransmits":	0,
					"max_snd_cwnd":	282360,
					"max_rtt":	203,
					"min_rtt":	203,
					"mean_rtt":	203,
					"sender":	true
				},
				"receiver":	{
					"socket":	6,
					"start":	0,
					"end":	20.000076,
					"seconds":	20.000011,
					"bytes":	8414263016,
					"bits_per_second":	3365692416.7688165,
					"sender":	true
				}
			}],
		"sum_sent":	{
			"start":	0,
			"end":	20.000011,
			"seconds":	20.000011,
			"bytes":	8416670720,
			"bits_per_second":	3366666436.33346,
			"retransmits":	0,
			"sender":	true
		},
		"sum_received":	{
			"start":	0,
			"end":	20.000076,
			"seconds":	20.000076,
			"bytes":	8414263016,
			"bits_per_second":	3365692416.7688165,
			"sender":	true
		},
		"cpu_utilization_percent":	{
			"host_total":	62.275874692874325,
			"host_user":	6.941189017419334,
			"host_system":	55.3346756756365,
			"remote_total":	99.9438148647316,
			"remote_user":	12.740706600294041,
			"remote_system":	87.203108264437574
		},
		"sender_tcp_congestion":	"cubic",
		"receiver_tcp_congestion":	"cubic"
	}
}
