{
	"start":	{
		"connected":	[{
				"socket":	6,
				"local_host":	"10.10.0.124",
				"local_port":	47338,
				"remote_host":	"10.10.0.123",
				"remote_port":	5201
			}],
		"version":	"iperf 3.9",
		"system_info":	"Linux pmem-4 5.11.6-1-default #1 SMP Thu Mar 11 16:11:36 UTC 2021 (7358b30) x86_64",
		"timestamp":	{
			"time":	"Mon, 11 Oct 2021 13:04:46 GMT",
			"timesecs":	1633957486
		},
		"connecting_to":	{
			"host":	"10.10.0.123",
			"port":	5201
		},
		"cookie":	"6kwcdg2fsfmzn3wtetk6w7yv7srb7yrm6mpn",
		"tcp_mss_default":	1448,
		"sock_bufsize":	0,
		"sndbuf_actual":	16384,
		"rcvbuf_actual":	131072,
		"test_start":	{
			"protocol":	"TCP",
			"num_streams":	1,
			"blksize":	16384,
			"omit":	0,
			"duration":	20,
			"bytes":	0,
			"blocks":	0,
			"reverse":	0,
			"tos":	0
		}
	},
	"intervals":	[{
			"streams":	[{
					"socket":	6,
					"start":	0,
					"end":	20.000071,
					"seconds":	20.000070571899414,
					"bytes":	1562873168,
					"bits_per_second":	625147061.30922353,
					"retransmits":	0,
					"snd_cwnd":	75296,
					"rtt":	250,
					"rttvar":	6,
					"pmtu":	1500,
					"omitted":	false,
					"sender":	true
				}],
			"sum":	{
				"start":	0,
				"end":	20.000071,
				"seconds":	20.000070571899414,
				"bytes":	1562873168,
				"bits_per_second":	625147061.30922353,
				"retransmits":	0,
				"omitted":	false,
				"sender":	true
			}
		}],
	"end":	{
		"streams":	[{
				"sender":	{
					"socket":	6,
					"start":	0,
					"end":	20.000071,
					"seconds":	20.000071,
					"bytes":	1562873168,
					"bits_per_second":	625147047.92798,
					"retransmits":	0,
					"max_snd_cwnd":	75296,
					"max_rtt":	250,
					"min_rtt":	250,
					"mean_rtt":	250,
					"sender":	true
				},
				"receiver":	{
					"socket":	6,
					"start":	0,
					"end":	20.000181,
					"seconds":	20.000071,
					"bytes":	1562065040,
					"bits_per_second":	624820361.37572956,
					"sender":	true
				}
			}],
		"sum_sent":	{
			"start":	0,
			"end":	20.000071,
			"seconds":	20.000071,
			"bytes":	1562873168,
			"bits_per_second":	625147047.92798,
			"retransmits":	0,
			"sender":	true
		},
		"sum_received":	{
			"start":	0,
			"end":	20.000181,
			"seconds":	20.000181,
			"bytes":	1562065040,
			"bits_per_second":	624820361.37572956,
			"sender":	true
		},
		"cpu_utilization_percent":	{
			"host_total":	2.5515599604920265,
			"host_user":	0.1405292081508038,
			"host_system":	2.4110207775952843,
			"remote_total":	72.697925535414839,
			"remote_user":	0.31118464210301738,
			"remote_system":	72.386740893311824
		},
		"sender_tcp_congestion":	"cubic",
		"receiver_tcp_congestion":	"cubic"
	}
}
