{
	"start":	{
		"connected":	[{
				"socket":	6,
				"local_host":	"10.10.0.124",
				"local_port":	46500,
				"remote_host":	"10.10.0.123",
				"remote_port":	5201
			}],
		"version":	"iperf 3.9",
		"system_info":	"Linux pmem-4 5.11.6-1-default #1 SMP Thu Mar 11 16:11:36 UTC 2021 (7358b30) x86_64",
		"timestamp":	{
			"time":	"Mon, 11 Oct 2021 11:59:45 GMT",
			"timesecs":	1633953585
		},
		"connecting_to":	{
			"host":	"10.10.0.123",
			"port":	5201
		},
		"cookie":	"vnrw4tygwiof53alewz63nm3bkglouqp6bgg",
		"tcp_mss_default":	1448,
		"sock_bufsize":	0,
		"sndbuf_actual":	16384,
		"rcvbuf_actual":	131072,
		"test_start":	{
			"protocol":	"TCP",
			"num_streams":	1,
			"blksize":	1024,
			"omit":	0,
			"duration":	20,
			"bytes":	0,
			"blocks":	0,
			"reverse":	0,
			"tos":	0
		}
	},
	"intervals":	[{
			"streams":	[{
					"socket":	6,
					"start":	0,
					"end":	20.000071,
					"seconds":	20.000070571899414,
					"bytes":	303493120,
					"bits_per_second":	121396819.63979276,
					"retransmits":	0,
					"snd_cwnd":	53576,
					"rtt":	117,
					"rttvar":	62,
					"pmtu":	1500,
					"omitted":	false,
					"sender":	true
				}],
			"sum":	{
				"start":	0,
				"end":	20.000071,
				"seconds":	20.000070571899414,
				"bytes":	303493120,
				"bits_per_second":	121396819.63979276,
				"retransmits":	0,
				"omitted":	false,
				"sender":	true
			}
		}],
	"end":	{
		"streams":	[{
				"sender":	{
					"socket":	6,
					"start":	0,
					"end":	20.000071,
					"seconds":	20.000071,
					"bytes":	303493120,
					"bits_per_second":	121396817.04129951,
					"retransmits":	0,
					"max_snd_cwnd":	53576,
					"max_rtt":	117,
					"min_rtt":	117,
					"mean_rtt":	117,
					"sender":	true
				},
				"receiver":	{
					"socket":	6,
					"start":	0,
					"end":	20.000156,
					"seconds":	20.000071,
					"bytes":	303213568,
					"bits_per_second":	121284481.18104678,
					"sender":	true
				}
			}],
		"sum_sent":	{
			"start":	0,
			"end":	20.000071,
			"seconds":	20.000071,
			"bytes":	303493120,
			"bits_per_second":	121396817.04129951,
			"retransmits":	0,
			"sender":	true
		},
		"sum_received":	{
			"start":	0,
			"end":	20.000156,
			"seconds":	20.000156,
			"bytes":	303213568,
			"bits_per_second":	121284481.18104678,
			"sender":	true
		},
		"cpu_utilization_percent":	{
			"host_total":	3.154177962342918,
			"host_user":	0.35429353860402613,
			"host_system":	2.7998744240623816,
			"remote_total":	35.748606318621889,
			"remote_user":	1.3130869406029715,
			"remote_system":	34.4355143809989
		},
		"sender_tcp_congestion":	"cubic",
		"receiver_tcp_congestion":	"cubic"
	}
}
