{
	"start":	{
		"connected":	[{
				"socket":	6,
				"local_host":	"10.10.0.124",
				"local_port":	47110,
				"remote_host":	"10.10.0.123",
				"remote_port":	5201
			}],
		"version":	"iperf 3.9",
		"system_info":	"Linux pmem-4 5.11.6-1-default #1 SMP Thu Mar 11 16:11:36 UTC 2021 (7358b30) x86_64",
		"timestamp":	{
			"time":	"Mon, 11 Oct 2021 12:56:44 GMT",
			"timesecs":	1633957004
		},
		"connecting_to":	{
			"host":	"10.10.0.123",
			"port":	5201
		},
		"cookie":	"2cennykkvyy4kyftk6yc2vgk7rdkh2oa3roe",
		"tcp_mss_default":	1448,
		"sock_bufsize":	0,
		"sndbuf_actual":	16384,
		"rcvbuf_actual":	131072,
		"test_start":	{
			"protocol":	"TCP",
			"num_streams":	1,
			"blksize":	512,
			"omit":	0,
			"duration":	20,
			"bytes":	0,
			"blocks":	0,
			"reverse":	0,
			"tos":	0
		}
	},
	"intervals":	[{
			"streams":	[{
					"socket":	6,
					"start":	0,
					"end":	20.000071,
					"seconds":	20.000070571899414,
					"bytes":	55587840,
					"bits_per_second":	22235057.541487787,
					"retransmits":	0,
					"snd_cwnd":	68056,
					"rtt":	184,
					"rttvar":	12,
					"pmtu":	1500,
					"omitted":	false,
					"sender":	true
				}],
			"sum":	{
				"start":	0,
				"end":	20.000071,
				"seconds":	20.000070571899414,
				"bytes":	55587840,
				"bits_per_second":	22235057.541487787,
				"retransmits":	0,
				"omitted":	false,
				"sender":	true
			}
		}],
	"end":	{
		"streams":	[{
				"sender":	{
					"socket":	6,
					"start":	0,
					"end":	20.000071,
					"seconds":	20.000071,
					"bytes":	55587840,
					"bits_per_second":	22235057.065547418,
					"retransmits":	0,
					"max_snd_cwnd":	68056,
					"max_rtt":	184,
					"min_rtt":	184,
					"mean_rtt":	184,
					"sender":	true
				},
				"receiver":	{
					"socket":	6,
					"start":	0,
					"end":	20.000323,
					"seconds":	20.000071,
					"bytes":	55205376,
					"bits_per_second":	22081793.779030468,
					"sender":	true
				}
			}],
		"sum_sent":	{
			"start":	0,
			"end":	20.000071,
			"seconds":	20.000071,
			"bytes":	55587840,
			"bits_per_second":	22235057.065547418,
			"retransmits":	0,
			"sender":	true
		},
		"sum_received":	{
			"start":	0,
			"end":	20.000323,
			"seconds":	20.000323,
			"bytes":	55205376,
			"bits_per_second":	22081793.779030468,
			"sender":	true
		},
		"cpu_utilization_percent":	{
			"host_total":	0.86166745574949943,
			"host_user":	0.19662334534428882,
			"host_system":	0.665034112523262,
			"remote_total":	71.785067132490923,
			"remote_user":	0.291293344146397,
			"remote_system":	71.493778783600277
		},
		"sender_tcp_congestion":	"cubic",
		"receiver_tcp_congestion":	"cubic"
	}
}
