{
	"start":	{
		"connected":	[{
				"socket":	6,
				"local_host":	"10.10.0.124",
				"local_port":	46770,
				"remote_host":	"10.10.0.123",
				"remote_port":	5201
			}, {
				"socket":	8,
				"local_host":	"10.10.0.124",
				"local_port":	46772,
				"remote_host":	"10.10.0.123",
				"remote_port":	5201
			}],
		"version":	"iperf 3.9",
		"system_info":	"Linux pmem-4 5.11.6-1-default #1 SMP Thu Mar 11 16:11:36 UTC 2021 (7358b30) x86_64",
		"timestamp":	{
			"time":	"Mon, 11 Oct 2021 12:09:26 GMT",
			"timesecs":	1633954166
		},
		"connecting_to":	{
			"host":	"10.10.0.123",
			"port":	5201
		},
		"cookie":	"ryn3fh5wzxlu7yut62bowx25uxcuhobxutmk",
		"tcp_mss_default":	1448,
		"sock_bufsize":	0,
		"sndbuf_actual":	16384,
		"rcvbuf_actual":	131072,
		"sock_bufsize":	0,
		"sndbuf_actual":	16384,
		"rcvbuf_actual":	131072,
		"test_start":	{
			"protocol":	"TCP",
			"num_streams":	2,
			"blksize":	24576,
			"omit":	0,
			"duration":	20,
			"bytes":	0,
			"blocks":	0,
			"reverse":	0,
			"tos":	0
		}
	},
	"intervals":	[{
			"streams":	[{
					"socket":	6,
					"start":	0,
					"end":	20.000079,
					"seconds":	20.000078201293945,
					"bytes":	2921920992,
					"bits_per_second":	1168763826.8578212,
					"retransmits":	0,
					"snd_cwnd":	114392,
					"rtt":	164,
					"rttvar":	5,
					"pmtu":	1500,
					"omitted":	false,
					"sender":	true
				}, {
					"socket":	8,
					"start":	0,
					"end":	20.000091,
					"seconds":	20.000091552734375,
					"bytes":	2921713584,
					"bits_per_second":	1168680083.8071358,
					"retransmits":	0,
					"snd_cwnd":	94120,
					"rtt":	167,
					"rttvar":	8,
					"pmtu":	1500,
					"omitted":	false,
					"sender":	true
				}],
			"sum":	{
				"start":	0,
				"end":	20.000079,
				"seconds":	20.000078201293945,
				"bytes":	5843634576,
				"bits_per_second":	2337444690.8400326,
				"retransmits":	0,
				"omitted":	false,
				"sender":	true
			}
		}],
	"end":	{
		"streams":	[{
				"sender":	{
					"socket":	6,
					"start":	0,
					"end":	20.000079,
					"seconds":	20.000079,
					"bytes":	2921920992,
					"bits_per_second":	1168763780.1830683,
					"retransmits":	0,
					"max_snd_cwnd":	114392,
					"max_rtt":	164,
					"min_rtt":	164,
					"mean_rtt":	164,
					"sender":	true
				},
				"receiver":	{
					"socket":	6,
					"start":	0,
					"end":	20.000445,
					"seconds":	20.000079,
					"bytes":	2920822928,
					"bits_per_second":	1168303176.454324,
					"sender":	true
				}
			}, {
				"sender":	{
					"socket":	8,
					"start":	0,
					"end":	20.000079,
					"seconds":	20.000079,
					"bytes":	2921713584,
					"bits_per_second":	1168680817.3107717,
					"retransmits":	0,
					"max_snd_cwnd":	94120,
					"max_rtt":	167,
					"min_rtt":	167,
					"mean_rtt":	167,
					"sender":	true
				},
				"receiver":	{
					"socket":	8,
					"start":	0,
					"end":	20.000445,
					"seconds":	20.000079,
					"bytes":	2920808448,
					"bits_per_second":	1168297384.5831931,
					"sender":	true
				}
			}],
		"sum_sent":	{
			"start":	0,
			"end":	20.000079,
			"seconds":	20.000079,
			"bytes":	5843634576,
			"bits_per_second":	2337444597.49384,
			"retransmits":	0,
			"sender":	true
		},
		"sum_received":	{
			"start":	0,
			"end":	20.000445,
			"seconds":	20.000445,
			"bytes":	5841631376,
			"bits_per_second":	2336600561.0375171,
			"sender":	true
		},
		"cpu_utilization_percent":	{
			"host_total":	7.4887182333148337,
			"host_user":	0.34080784748991316,
			"host_system":	7.14790038647488,
			"remote_total":	72.251966980336746,
			"remote_user":	0.53568549743231375,
			"remote_system":	71.716286480250332
		},
		"sender_tcp_congestion":	"cubic",
		"receiver_tcp_congestion":	"cubic"
	}
}
