{
	"start":	{
		"connected":	[{
				"socket":	6,
				"local_host":	"10.10.0.124",
				"local_port":	46576,
				"remote_host":	"10.10.0.123",
				"remote_port":	5201
			}],
		"version":	"iperf 3.9",
		"system_info":	"Linux pmem-4 5.11.6-1-default #1 SMP Thu Mar 11 16:11:36 UTC 2021 (7358b30) x86_64",
		"timestamp":	{
			"time":	"Mon, 11 Oct 2021 12:02:26 GMT",
			"timesecs":	1633953746
		},
		"connecting_to":	{
			"host":	"10.10.0.123",
			"port":	5201
		},
		"cookie":	"qt7lzzice6j2ebwmbx26epvikdtkdzjcybnb",
		"tcp_mss_default":	1448,
		"sock_bufsize":	0,
		"sndbuf_actual":	16384,
		"rcvbuf_actual":	131072,
		"test_start":	{
			"protocol":	"TCP",
			"num_streams":	1,
			"blksize":	4096,
			"omit":	0,
			"duration":	20,
			"bytes":	0,
			"blocks":	0,
			"reverse":	0,
			"tos":	0
		}
	},
	"intervals":	[{
			"streams":	[{
					"socket":	6,
					"start":	0,
					"end":	20.000071,
					"seconds":	20.000070571899414,
					"bytes":	849059840,
					"bits_per_second":	339622737.60891616,
					"retransmits":	0,
					"snd_cwnd":	55024,
					"rtt":	103,
					"rttvar":	4,
					"pmtu":	1500,
					"omitted":	false,
					"sender":	true
				}],
			"sum":	{
				"start":	0,
				"end":	20.000071,
				"seconds":	20.000070571899414,
				"bytes":	849059840,
				"bits_per_second":	339622737.60891616,
				"retransmits":	0,
				"omitted":	false,
				"sender":	true
			}
		}],
	"end":	{
		"streams":	[{
				"sender":	{
					"socket":	6,
					"start":	0,
					"end":	20.000071,
					"seconds":	20.000071,
					"bytes":	849059840,
					"bits_per_second":	339622730.33930731,
					"retransmits":	0,
					"max_snd_cwnd":	55024,
					"max_rtt":	103,
					"min_rtt":	103,
					"mean_rtt":	103,
					"sender":	true
				},
				"receiver":	{
					"socket":	6,
					"start":	0,
					"end":	20.000225,
					"seconds":	20.000071,
					"bytes":	848637952,
					"bits_per_second":	339451361.9721778,
					"sender":	true
				}
			}],
		"sum_sent":	{
			"start":	0,
			"end":	20.000071,
			"seconds":	20.000071,
			"bytes":	849059840,
			"bits_per_second":	339622730.33930731,
			"retransmits":	0,
			"sender":	true
		},
		"sum_received":	{
			"start":	0,
			"end":	20.000225,
			"seconds":	20.000225,
			"bytes":	848637952,
			"bits_per_second":	339451361.9721778,
			"sender":	true
		},
		"cpu_utilization_percent":	{
			"host_total":	2.7200727499339017,
			"host_user":	0.27141729174891432,
			"host_system":	2.44864545846898,
			"remote_total":	47.5828221741872,
			"remote_user":	1.5122484795657778,
			"remote_system":	46.070588686823982
		},
		"sender_tcp_congestion":	"cubic",
		"receiver_tcp_congestion":	"cubic"
	}
}
