{
	"start":	{
		"connected":	[{
				"socket":	6,
				"local_host":	"10.10.0.124",
				"local_port":	47186,
				"remote_host":	"10.10.0.123",
				"remote_port":	5201
			}],
		"version":	"iperf 3.9",
		"system_info":	"Linux pmem-4 5.11.6-1-default #1 SMP Thu Mar 11 16:11:36 UTC 2021 (7358b30) x86_64",
		"timestamp":	{
			"time":	"Mon, 11 Oct 2021 12:59:24 GMT",
			"timesecs":	1633957164
		},
		"connecting_to":	{
			"host":	"10.10.0.123",
			"port":	5201
		},
		"cookie":	"mqiamvx4hcmvr7atq2mf3imvb4w6jfm52js2",
		"tcp_mss_default":	1448,
		"sock_bufsize":	0,
		"sndbuf_actual":	16384,
		"rcvbuf_actual":	131072,
		"test_start":	{
			"protocol":	"TCP",
			"num_streams":	1,
			"blksize":	2048,
			"omit":	0,
			"duration":	20,
			"bytes":	0,
			"blocks":	0,
			"reverse":	0,
			"tos":	0
		}
	},
	"intervals":	[{
			"streams":	[{
					"socket":	6,
					"start":	0,
					"end":	20.00007,
					"seconds":	20.000070571899414,
					"bytes":	249425920,
					"bits_per_second":	99770015.9520235,
					"retransmits":	0,
					"snd_cwnd":	46336,
					"rtt":	168,
					"rttvar":	21,
					"pmtu":	1500,
					"omitted":	false,
					"sender":	true
				}],
			"sum":	{
				"start":	0,
				"end":	20.00007,
				"seconds":	20.000070571899414,
				"bytes":	249425920,
				"bits_per_second":	99770015.9520235,
				"retransmits":	0,
				"omitted":	false,
				"sender":	true
			}
		}],
	"end":	{
		"streams":	[{
				"sender":	{
					"socket":	6,
					"start":	0,
					"end":	20.00007,
					"seconds":	20.00007,
					"bytes":	249425920,
					"bits_per_second":	99770018.804934174,
					"retransmits":	0,
					"max_snd_cwnd":	46336,
					"max_rtt":	168,
					"min_rtt":	168,
					"mean_rtt":	168,
					"sender":	true
				},
				"receiver":	{
					"socket":	6,
					"start":	0,
					"end":	20.000259,
					"seconds":	20.00007,
					"bytes":	248956928,
					"bits_per_second":	99581481.619813025,
					"sender":	true
				}
			}],
		"sum_sent":	{
			"start":	0,
			"end":	20.00007,
			"seconds":	20.00007,
			"bytes":	249425920,
			"bits_per_second":	99770018.804934174,
			"retransmits":	0,
			"sender":	true
		},
		"sum_received":	{
			"start":	0,
			"end":	20.000259,
			"seconds":	20.000259,
			"bytes":	248956928,
			"bits_per_second":	99581481.619813025,
			"sender":	true
		},
		"cpu_utilization_percent":	{
			"host_total":	1.4491191626170048,
			"host_user":	0.15085893205846743,
			"host_system":	1.298250237253552,
			"remote_total":	68.14372270617784,
			"remote_user":	0.457266015159768,
			"remote_system":	67.686446703227645
		},
		"sender_tcp_congestion":	"cubic",
		"receiver_tcp_congestion":	"cubic"
	}
}
