{
	"start":	{
		"connected":	[{
				"socket":	6,
				"local_host":	"10.10.0.124",
				"local_port":	46808,
				"remote_host":	"10.10.0.123",
				"remote_port":	5201
			}, {
				"socket":	8,
				"local_host":	"10.10.0.124",
				"local_port":	46810,
				"remote_host":	"10.10.0.123",
				"remote_port":	5201
			}],
		"version":	"iperf 3.9",
		"system_info":	"Linux pmem-4 5.11.6-1-default #1 SMP Thu Mar 11 16:11:36 UTC 2021 (7358b30) x86_64",
		"timestamp":	{
			"time":	"Mon, 11 Oct 2021 12:10:46 GMT",
			"timesecs":	1633954246
		},
		"connecting_to":	{
			"host":	"10.10.0.123",
			"port":	5201
		},
		"cookie":	"tcbfwkib2fuydkplpyzplelxxs4ryq65ltfu",
		"tcp_mss_default":	1448,
		"sock_bufsize":	0,
		"sndbuf_actual":	16384,
		"rcvbuf_actual":	131072,
		"sock_bufsize":	0,
		"sndbuf_actual":	16384,
		"rcvbuf_actual":	131072,
		"test_start":	{
			"protocol":	"TCP",
			"num_streams":	2,
			"blksize":	32768,
			"omit":	0,
			"duration":	20,
			"bytes":	0,
			"blocks":	0,
			"reverse":	0,
			"tos":	0
		}
	},
	"intervals":	[{
			"streams":	[{
					"socket":	6,
					"start":	0,
					"end":	20.000079,
					"seconds":	20.000078201293945,
					"bytes":	3241194512,
					"bits_per_second":	1296472735.507726,
					"retransmits":	0,
					"snd_cwnd":	117288,
					"rtt":	203,
					"rttvar":	12,
					"pmtu":	1500,
					"omitted":	false,
					"sender":	true
				}, {
					"socket":	8,
					"start":	0,
					"end":	20.000091,
					"seconds":	20.000091552734375,
					"bytes":	3241387096,
					"bits_per_second":	1296548903.2701328,
					"retransmits":	0,
					"snd_cwnd":	125976,
					"rtt":	205,
					"rttvar":	9,
					"pmtu":	1500,
					"omitted":	false,
					"sender":	true
				}],
			"sum":	{
				"start":	0,
				"end":	20.000079,
				"seconds":	20.000078201293945,
				"bytes":	6482581608,
				"bits_per_second":	2593022504.3142467,
				"retransmits":	0,
				"omitted":	false,
				"sender":	true
			}
		}],
	"end":	{
		"streams":	[{
				"sender":	{
					"socket":	6,
					"start":	0,
					"end":	20.000079,
					"seconds":	20.000079,
					"bytes":	3241194512,
					"bits_per_second":	1296472683.7328992,
					"retransmits":	0,
					"max_snd_cwnd":	117288,
					"max_rtt":	203,
					"min_rtt":	203,
					"mean_rtt":	203,
					"sender":	true
				},
				"receiver":	{
					"socket":	6,
					"start":	0,
					"end":	20.000589,
					"seconds":	20.000079,
					"bytes":	3239950480,
					"bits_per_second":	1295942026.5073192,
					"sender":	true
				}
			}, {
				"sender":	{
					"socket":	8,
					"start":	0,
					"end":	20.000079,
					"seconds":	20.000079,
					"bytes":	3241387096,
					"bits_per_second":	1296549717.0286179,
					"retransmits":	0,
					"max_snd_cwnd":	125976,
					"max_rtt":	205,
					"min_rtt":	205,
					"mean_rtt":	205,
					"sender":	true
				},
				"receiver":	{
					"socket":	8,
					"start":	0,
					"end":	20.000589,
					"seconds":	20.000079,
					"bytes":	3239936000,
					"bits_per_second":	1295936234.6778886,
					"sender":	true
				}
			}],
		"sum_sent":	{
			"start":	0,
			"end":	20.000079,
			"seconds":	20.000079,
			"bytes":	6482581608,
			"bits_per_second":	2593022400.761517,
			"retransmits":	0,
			"sender":	true
		},
		"sum_received":	{
			"start":	0,
			"end":	20.000589,
			"seconds":	20.000589,
			"bytes":	6479886480,
			"bits_per_second":	2591878261.1852078,
			"sender":	true
		},
		"cpu_utilization_percent":	{
			"host_total":	7.9677688139491885,
			"host_user":	0.31391454153068188,
			"host_system":	7.6538442732294421,
			"remote_total":	75.8789058888636,
			"remote_user":	0.4423551536489278,
			"remote_system":	75.4365557325616
		},
		"sender_tcp_congestion":	"cubic",
		"receiver_tcp_congestion":	"cubic"
	}
}
