{
	"start":	{
		"connected":	[{
				"socket":	6,
				"local_host":	"10.10.0.124",
				"local_port":	47452,
				"remote_host":	"10.10.0.123",
				"remote_port":	5201
			}],
		"version":	"iperf 3.9",
		"system_info":	"Linux pmem-4 5.11.6-1-default #1 SMP Thu Mar 11 16:11:36 UTC 2021 (7358b30) x86_64",
		"timestamp":	{
			"time":	"Mon, 11 Oct 2021 13:08:49 GMT",
			"timesecs":	1633957729
		},
		"connecting_to":	{
			"host":	"10.10.0.123",
			"port":	5201
		},
		"cookie":	"cykf4rqv26fwdjqjxo5hkp6c7dtwn3qw5dhh",
		"tcp_mss_default":	1448,
		"sock_bufsize":	0,
		"sndbuf_actual":	16384,
		"rcvbuf_actual":	131072,
		"test_start":	{
			"protocol":	"TCP",
			"num_streams":	1,
			"blksize":	32768,
			"omit":	0,
			"duration":	20,
			"bytes":	0,
			"blocks":	0,
			"reverse":	0,
			"tos":	0
		}
	},
	"intervals":	[{
			"streams":	[{
					"socket":	6,
					"start":	0,
					"end":	20.00007,
					"seconds":	20.000070571899414,
					"bytes":	2834465792,
					"bits_per_second":	1133782316.1414213,
					"retransmits":	0,
					"snd_cwnd":	102808,
					"rtt":	223,
					"rttvar":	8,
					"pmtu":	1500,
					"omitted":	false,
					"sender":	true
				}],
			"sum":	{
				"start":	0,
				"end":	20.00007,
				"seconds":	20.000070571899414,
				"bytes":	2834465792,
				"bits_per_second":	1133782316.1414213,
				"retransmits":	0,
				"omitted":	false,
				"sender":	true
			}
		}],
	"end":	{
		"streams":	[{
				"sender":	{
					"socket":	6,
					"start":	0,
					"end":	20.00007,
					"seconds":	20.00007,
					"bytes":	2834465792,
					"bits_per_second":	1133782348.56178,
					"retransmits":	0,
					"max_snd_cwnd":	102808,
					"max_rtt":	223,
					"min_rtt":	223,
					"mean_rtt":	223,
					"sender":	true
				},
				"receiver":	{
					"socket":	6,
					"start":	0,
					"end":	20.000148,
					"seconds":	20.00007,
					"bytes":	2833037456,
					"bits_per_second":	1133206596.6711848,
					"sender":	true
				}
			}],
		"sum_sent":	{
			"start":	0,
			"end":	20.00007,
			"seconds":	20.00007,
			"bytes":	2834465792,
			"bits_per_second":	1133782348.56178,
			"retransmits":	0,
			"sender":	true
		},
		"sum_received":	{
			"start":	0,
			"end":	20.000148,
			"seconds":	20.000148,
			"bytes":	2833037456,
			"bits_per_second":	1133206596.6711848,
			"sender":	true
		},
		"cpu_utilization_percent":	{
			"host_total":	3.7176335213368885,
			"host_user":	0.14905124414849832,
			"host_system":	3.5685723145358841,
			"remote_total":	73.519648469597271,
			"remote_user":	0.39280708525462632,
			"remote_system":	73.12684138434264
		},
		"sender_tcp_congestion":	"cubic",
		"receiver_tcp_congestion":	"cubic"
	}
}
