{
	"start":	{
		"connected":	[{
				"socket":	6,
				"local_host":	"10.10.0.124",
				"local_port":	47498,
				"remote_host":	"10.10.0.123",
				"remote_port":	5201
			}, {
				"socket":	8,
				"local_host":	"10.10.0.124",
				"local_port":	47500,
				"remote_host":	"10.10.0.123",
				"remote_port":	5201
			}],
		"version":	"iperf 3.9",
		"system_info":	"Linux pmem-4 5.11.6-1-default #1 SMP Thu Mar 11 16:11:36 UTC 2021 (7358b30) x86_64",
		"timestamp":	{
			"time":	"Mon, 11 Oct 2021 13:28:05 GMT",
			"timesecs":	1633958885
		},
		"connecting_to":	{
			"host":	"10.10.0.123",
			"port":	5201
		},
		"cookie":	"6athdrdfsxzeu3vva36c6jis45zmmlxdjaud",
		"tcp_mss_default":	1448,
		"sock_bufsize":	0,
		"sndbuf_actual":	16384,
		"rcvbuf_actual":	131072,
		"sock_bufsize":	0,
		"sndbuf_actual":	16384,
		"rcvbuf_actual":	131072,
		"test_start":	{
			"protocol":	"TCP",
			"num_streams":	2,
			"blksize":	256,
			"omit":	0,
			"duration":	20,
			"bytes":	0,
			"blocks":	0,
			"reverse":	0,
			"tos":	0
		}
	},
	"intervals":	[{
			"streams":	[{
					"socket":	6,
					"start":	0,
					"end":	20.000049,
					"seconds":	20.000049591064453,
					"bytes":	2892787200,
					"bits_per_second":	1157112010.8791845,
					"retransmits":	0,
					"snd_cwnd":	178104,
					"rtt":	153,
					"rttvar":	58,
					"pmtu":	1500,
					"omitted":	false,
					"sender":	true
				}, {
					"socket":	8,
					"start":	0,
					"end":	20.000054,
					"seconds":	20.000053405761719,
					"bytes":	2892275200,
					"bits_per_second":	1156906990.7250462,
					"retransmits":	0,
					"snd_cwnd":	149144,
					"rtt":	171,
					"rttvar":	35,
					"pmtu":	1500,
					"omitted":	false,
					"sender":	true
				}],
			"sum":	{
				"start":	0,
				"end":	20.000049,
				"seconds":	20.000049591064453,
				"bytes":	5785062400,
				"bits_per_second":	2314019222.26618,
				"retransmits":	0,
				"omitted":	false,
				"sender":	true
			}
		}],
	"end":	{
		"streams":	[{
				"sender":	{
					"socket":	6,
					"start":	0,
					"end":	20.000049,
					"seconds":	20.000049,
					"bytes":	2892787200,
					"bits_per_second":	1157112045.0754895,
					"retransmits":	0,
					"max_snd_cwnd":	178104,
					"max_rtt":	153,
					"min_rtt":	153,
					"mean_rtt":	153,
					"sender":	true
				},
				"receiver":	{
					"socket":	6,
					"start":	0,
					"end":	20.000113,
					"seconds":	20.000049,
					"bytes":	2891501568,
					"bits_per_second":	1156594092.4433777,
					"sender":	true
				}
			}, {
				"sender":	{
					"socket":	8,
					"start":	0,
					"end":	20.000049,
					"seconds":	20.000049,
					"bytes":	2892275200,
					"bits_per_second":	1156907245.5772483,
					"retransmits":	0,
					"max_snd_cwnd":	149144,
					"max_rtt":	171,
					"min_rtt":	171,
					"mean_rtt":	171,
					"sender":	true
				},
				"receiver":	{
					"socket":	8,
					"start":	0,
					"end":	20.000113,
					"seconds":	20.000049,
					"bytes":	2891282424,
					"bits_per_second":	1156506435.3386405,
					"sender":	true
				}
			}],
		"sum_sent":	{
			"start":	0,
			"end":	20.000049,
			"seconds":	20.000049,
			"bytes":	5785062400,
			"bits_per_second":	2314019290.6527376,
			"retransmits":	0,
			"sender":	true
		},
		"sum_received":	{
			"start":	0,
			"end":	20.000113,
			"seconds":	20.000113,
			"bytes":	5782783992,
			"bits_per_second":	2313100527.7820182,
			"sender":	true
		},
		"cpu_utilization_percent":	{
			"host_total":	79.611035843958561,
			"host_user":	7.8067022859153941,
			"host_system":	71.8043185584999,
			"remote_total":	99.860728507493747,
			"remote_user":	11.3508790060606,
			"remote_system":	88.509854498795534
		},
		"sender_tcp_congestion":	"cubic",
		"receiver_tcp_congestion":	"cubic"
	}
}
