{
	"start":	{
		"connected":	[{
				"socket":	6,
				"local_host":	"10.10.0.124",
				"local_port":	47304,
				"remote_host":	"10.10.0.123",
				"remote_port":	5201
			}, {
				"socket":	8,
				"local_host":	"10.10.0.124",
				"local_port":	47306,
				"remote_host":	"10.10.0.123",
				"remote_port":	5201
			}],
		"version":	"iperf 3.9",
		"system_info":	"Linux pmem-4 5.11.6-1-default #1 SMP Thu Mar 11 16:11:36 UTC 2021 (7358b30) x86_64",
		"timestamp":	{
			"time":	"Mon, 11 Oct 2021 13:03:46 GMT",
			"timesecs":	1633957426
		},
		"connecting_to":	{
			"host":	"10.10.0.123",
			"port":	5201
		},
		"cookie":	"gatysz4nuwx7mvavjq67ynhswk23xwbpb27a",
		"tcp_mss_default":	1448,
		"sock_bufsize":	0,
		"sndbuf_actual":	16384,
		"rcvbuf_actual":	131072,
		"sock_bufsize":	0,
		"sndbuf_actual":	16384,
		"rcvbuf_actual":	131072,
		"test_start":	{
			"protocol":	"TCP",
			"num_streams":	2,
			"blksize":	12288,
			"omit":	0,
			"duration":	20,
			"bytes":	0,
			"blocks":	0,
			"reverse":	0,
			"tos":	0
		}
	},
	"intervals":	[{
			"streams":	[{
					"socket":	6,
					"start":	0,
					"end":	20.000078,
					"seconds":	20.000078201293945,
					"bytes":	635248712,
					"bits_per_second":	254098491.25845969,
					"retransmits":	0,
					"snd_cwnd":	68056,
					"rtt":	400,
					"rttvar":	22,
					"pmtu":	1500,
					"omitted":	false,
					"sender":	true
				}, {
					"socket":	8,
					"start":	0,
					"end":	20.000094,
					"seconds":	20.000093460083008,
					"bytes":	636136184,
					"bits_per_second":	254453284.53874528,
					"retransmits":	0,
					"snd_cwnd":	114392,
					"rtt":	417,
					"rttvar":	11,
					"pmtu":	1500,
					"omitted":	false,
					"sender":	true
				}],
			"sum":	{
				"start":	0,
				"end":	20.000078,
				"seconds":	20.000078201293945,
				"bytes":	1271384896,
				"bits_per_second":	508551969.92889565,
				"retransmits":	0,
				"omitted":	false,
				"sender":	true
			}
		}],
	"end":	{
		"streams":	[{
				"sender":	{
					"socket":	6,
					"start":	0,
					"end":	20.000078,
					"seconds":	20.000078,
					"bytes":	635248712,
					"bits_per_second":	254098493.81587413,
					"retransmits":	0,
					"max_snd_cwnd":	68056,
					"max_rtt":	400,
					"min_rtt":	400,
					"mean_rtt":	400,
					"sender":	true
				},
				"receiver":	{
					"socket":	6,
					"start":	0,
					"end":	20.000334,
					"seconds":	20.000078,
					"bytes":	634638336,
					"bits_per_second":	253851095.08671206,
					"sender":	true
				}
			}, {
				"sender":	{
					"socket":	8,
					"start":	0,
					"end":	20.000078,
					"seconds":	20.000078,
					"bytes":	636136184,
					"bits_per_second":	254453481.23142323,
					"retransmits":	0,
					"max_snd_cwnd":	114392,
					"max_rtt":	417,
					"min_rtt":	417,
					"mean_rtt":	417,
					"sender":	true
				},
				"receiver":	{
					"socket":	8,
					"start":	0,
					"end":	20.000334,
					"seconds":	20.000078,
					"bytes":	634626048,
					"bits_per_second":	253846179.96879452,
					"sender":	true
				}
			}],
		"sum_sent":	{
			"start":	0,
			"end":	20.000078,
			"seconds":	20.000078,
			"bytes":	1271384896,
			"bits_per_second":	508551975.04729736,
			"retransmits":	0,
			"sender":	true
		},
		"sum_received":	{
			"start":	0,
			"end":	20.000334,
			"seconds":	20.000334,
			"bytes":	1269264384,
			"bits_per_second":	507697275.05550659,
			"sender":	true
		},
		"cpu_utilization_percent":	{
			"host_total":	3.7114451125467935,
			"host_user":	0.41893629642762148,
			"host_system":	3.292508816119172,
			"remote_total":	72.5190623123258,
			"remote_user":	0.25230883183184155,
			"remote_system":	72.266753480494
		},
		"sender_tcp_congestion":	"cubic",
		"receiver_tcp_congestion":	"cubic"
	}
}
