{
	"start":	{
		"connected":	[{
				"socket":	6,
				"local_host":	"10.10.0.124",
				"local_port":	46728,
				"remote_host":	"10.10.0.123",
				"remote_port":	5201
			}],
		"version":	"iperf 3.9",
		"system_info":	"Linux pmem-4 5.11.6-1-default #1 SMP Thu Mar 11 16:11:36 UTC 2021 (7358b30) x86_64",
		"timestamp":	{
			"time":	"Mon, 11 Oct 2021 12:07:46 GMT",
			"timesecs":	1633954066
		},
		"connecting_to":	{
			"host":	"10.10.0.123",
			"port":	5201
		},
		"cookie":	"bzf6jra4enckbg4vs6zxgvlixhtgloyglers",
		"tcp_mss_default":	1448,
		"sock_bufsize":	0,
		"sndbuf_actual":	16384,
		"rcvbuf_actual":	131072,
		"test_start":	{
			"protocol":	"TCP",
			"num_streams":	1,
			"blksize":	20480,
			"omit":	0,
			"duration":	20,
			"bytes":	0,
			"blocks":	0,
			"reverse":	0,
			"tos":	0
		}
	},
	"intervals":	[{
			"streams":	[{
					"socket":	6,
					"start":	0,
					"end":	20.000072,
					"seconds":	20.000072479248047,
					"bytes":	3464397168,
					"bits_per_second":	1385753845.2801659,
					"retransmits":	0,
					"snd_cwnd":	144800,
					"rtt":	159,
					"rttvar":	69,
					"pmtu":	1500,
					"omitted":	false,
					"sender":	true
				}],
			"sum":	{
				"start":	0,
				"end":	20.000072,
				"seconds":	20.000072479248047,
				"bytes":	3464397168,
				"bits_per_second":	1385753845.2801659,
				"retransmits":	0,
				"omitted":	false,
				"sender":	true
			}
		}],
	"end":	{
		"streams":	[{
				"sender":	{
					"socket":	6,
					"start":	0,
					"end":	20.000072,
					"seconds":	20.000072,
					"bytes":	3464397168,
					"bits_per_second":	1385753878.4860375,
					"retransmits":	0,
					"max_snd_cwnd":	144800,
					"max_rtt":	159,
					"min_rtt":	159,
					"mean_rtt":	159,
					"sender":	true
				},
				"receiver":	{
					"socket":	6,
					"start":	0,
					"end":	20.000404,
					"seconds":	20.000072,
					"bytes":	3462767088,
					"bits_per_second":	1385078856.6070967,
					"sender":	true
				}
			}],
		"sum_sent":	{
			"start":	0,
			"end":	20.000072,
			"seconds":	20.000072,
			"bytes":	3464397168,
			"bits_per_second":	1385753878.4860375,
			"retransmits":	0,
			"sender":	true
		},
		"sum_received":	{
			"start":	0,
			"end":	20.000404,
			"seconds":	20.000404,
			"bytes":	3462767088,
			"bits_per_second":	1385078856.6070967,
			"sender":	true
		},
		"cpu_utilization_percent":	{
			"host_total":	4.6377383021706873,
			"host_user":	0.11915046036746,
			"host_system":	4.5185778421842127,
			"remote_total":	61.916854013324453,
			"remote_user":	0.60383349015167642,
			"remote_system":	61.313020523172781
		},
		"sender_tcp_congestion":	"cubic",
		"receiver_tcp_congestion":	"cubic"
	}
}
