{
	"start":	{
		"connected":	[{
				"socket":	6,
				"local_host":	"10.10.0.124",
				"local_port":	46804,
				"remote_host":	"10.10.0.123",
				"remote_port":	5201
			}],
		"version":	"iperf 3.9",
		"system_info":	"Linux pmem-4 5.11.6-1-default #1 SMP Thu Mar 11 16:11:36 UTC 2021 (7358b30) x86_64",
		"timestamp":	{
			"time":	"Mon, 11 Oct 2021 12:10:26 GMT",
			"timesecs":	1633954226
		},
		"connecting_to":	{
			"host":	"10.10.0.123",
			"port":	5201
		},
		"cookie":	"ust5qh6hpclehomvu5lkm5xx4ocnzsuzf4iq",
		"tcp_mss_default":	1448,
		"sock_bufsize":	0,
		"sndbuf_actual":	16384,
		"rcvbuf_actual":	131072,
		"test_start":	{
			"protocol":	"TCP",
			"num_streams":	1,
			"blksize":	32768,
			"omit":	0,
			"duration":	20,
			"bytes":	0,
			"blocks":	0,
			"reverse":	0,
			"tos":	0
		}
	},
	"intervals":	[{
			"streams":	[{
					"socket":	6,
					"start":	0,
					"end":	20.000075,
					"seconds":	20.00007438659668,
					"bytes":	4446185968,
					"bits_per_second":	1778467772.491755,
					"retransmits":	0,
					"snd_cwnd":	243264,
					"rtt":	195,
					"rttvar":	81,
					"pmtu":	1500,
					"omitted":	false,
					"sender":	true
				}],
			"sum":	{
				"start":	0,
				"end":	20.000075,
				"seconds":	20.00007438659668,
				"bytes":	4446185968,
				"bits_per_second":	1778467772.491755,
				"retransmits":	0,
				"omitted":	false,
				"sender":	true
			}
		}],
	"end":	{
		"streams":	[{
				"sender":	{
					"socket":	6,
					"start":	0,
					"end":	20.000075,
					"seconds":	20.000075,
					"bytes":	4446185968,
					"bits_per_second":	1778467717.9460578,
					"retransmits":	0,
					"max_snd_cwnd":	243264,
					"max_rtt":	195,
					"min_rtt":	195,
					"mean_rtt":	195,
					"sender":	true
				},
				"receiver":	{
					"socket":	6,
					"start":	0,
					"end":	20.000477,
					"seconds":	20.000075,
					"bytes":	4442929296,
					"bits_per_second":	1777129333.8653872,
					"sender":	true
				}
			}],
		"sum_sent":	{
			"start":	0,
			"end":	20.000075,
			"seconds":	20.000075,
			"bytes":	4446185968,
			"bits_per_second":	1778467717.9460578,
			"retransmits":	0,
			"sender":	true
		},
		"sum_received":	{
			"start":	0,
			"end":	20.000477,
			"seconds":	20.000477,
			"bytes":	4442929296,
			"bits_per_second":	1777129333.8653872,
			"sender":	true
		},
		"cpu_utilization_percent":	{
			"host_total":	5.0292022825853,
			"host_user":	0.18738558387441032,
			"host_system":	4.8418116989621272,
			"remote_total":	67.5985948638327,
			"remote_user":	0.3182305982933149,
			"remote_system":	67.2803642655394
		},
		"sender_tcp_congestion":	"cubic",
		"receiver_tcp_congestion":	"cubic"
	}
}
