{
	"start":	{
		"connected":	[{
				"socket":	6,
				"local_host":	"10.10.0.124",
				"local_port":	47650,
				"remote_host":	"10.10.0.123",
				"remote_port":	5201
			}, {
				"socket":	8,
				"local_host":	"10.10.0.124",
				"local_port":	47652,
				"remote_host":	"10.10.0.123",
				"remote_port":	5201
			}],
		"version":	"iperf 3.9",
		"system_info":	"Linux pmem-4 5.11.6-1-default #1 SMP Thu Mar 11 16:11:36 UTC 2021 (7358b30) x86_64",
		"timestamp":	{
			"time":	"Mon, 11 Oct 2021 13:33:25 GMT",
			"timesecs":	1633959205
		},
		"connecting_to":	{
			"host":	"10.10.0.123",
			"port":	5201
		},
		"cookie":	"6jv7ruocekvhvlkysfcxqarxd2j5rqotnuk4",
		"tcp_mss_default":	1448,
		"sock_bufsize":	0,
		"sndbuf_actual":	16384,
		"rcvbuf_actual":	131072,
		"sock_bufsize":	0,
		"sndbuf_actual":	16384,
		"rcvbuf_actual":	131072,
		"test_start":	{
			"protocol":	"TCP",
			"num_streams":	2,
			"blksize":	4096,
			"omit":	0,
			"duration":	20,
			"bytes":	0,
			"blocks":	0,
			"reverse":	0,
			"tos":	0
		}
	},
	"intervals":	[{
			"streams":	[{
					"socket":	6,
					"start":	0,
					"end":	20.000034,
					"seconds":	20.000034332275391,
					"bytes":	11785134080,
					"bits_per_second":	4714045539.8045158,
					"retransmits":	0,
					"snd_cwnd":	1455240,
					"rtt":	1794,
					"rttvar":	150,
					"pmtu":	1500,
					"omitted":	false,
					"sender":	true
				}, {
					"socket":	8,
					"start":	0,
					"end":	20.000044,
					"seconds":	20.000043869018555,
					"bytes":	11753390080,
					"bits_per_second":	4701345719.82887,
					"retransmits":	0,
					"snd_cwnd":	1613072,
					"rtt":	1910,
					"rttvar":	56,
					"pmtu":	1500,
					"omitted":	false,
					"sender":	true
				}],
			"sum":	{
				"start":	0,
				"end":	20.000034,
				"seconds":	20.000034332275391,
				"bytes":	23538524160,
				"bits_per_second":	9415393501.40587,
				"retransmits":	0,
				"omitted":	false,
				"sender":	true
			}
		}],
	"end":	{
		"streams":	[{
				"sender":	{
					"socket":	6,
					"start":	0,
					"end":	20.000034,
					"seconds":	20.000034,
					"bytes":	11785134080,
					"bits_per_second":	4714045618.12245,
					"retransmits":	0,
					"max_snd_cwnd":	1455240,
					"max_rtt":	1794,
					"min_rtt":	1794,
					"mean_rtt":	1794,
					"sender":	true
				},
				"receiver":	{
					"socket":	6,
					"start":	0,
					"end":	20.001796,
					"seconds":	20.000034,
					"bytes":	11783409752,
					"bits_per_second":	4712940678.72705,
					"sender":	true
				}
			}, {
				"sender":	{
					"socket":	8,
					"start":	0,
					"end":	20.000034,
					"seconds":	20.000034,
					"bytes":	11753390080,
					"bits_per_second":	4701348039.708333,
					"retransmits":	0,
					"max_snd_cwnd":	1613072,
					"max_rtt":	1910,
					"min_rtt":	1910,
					"mean_rtt":	1910,
					"sender":	true
				},
				"receiver":	{
					"socket":	8,
					"start":	0,
					"end":	20.001796,
					"seconds":	20.000034,
					"bytes":	11751724784,
					"bits_per_second":	4700267829.5489063,
					"sender":	true
				}
			}],
		"sum_sent":	{
			"start":	0,
			"end":	20.000034,
			"seconds":	20.000034,
			"bytes":	23538524160,
			"bits_per_second":	9415393657.83078,
			"retransmits":	0,
			"sender":	true
		},
		"sum_received":	{
			"start":	0,
			"end":	20.001796,
			"seconds":	20.001796,
			"bytes":	23535134536,
			"bits_per_second":	9413208508.2759571,
			"sender":	true
		},
		"cpu_utilization_percent":	{
			"host_total":	60.337662737644258,
			"host_user":	5.1056342253330147,
			"host_system":	55.232033512085252,
			"remote_total":	65.5701410831602,
			"remote_user":	4.96201438091079,
			"remote_system":	60.6081267022494
		},
		"sender_tcp_congestion":	"cubic",
		"receiver_tcp_congestion":	"cubic"
	}
}
