{
	"start":	{
		"connected":	[{
				"socket":	6,
				"local_host":	"10.10.0.124",
				"local_port":	47802,
				"remote_host":	"10.10.0.123",
				"remote_port":	5201
			}, {
				"socket":	8,
				"local_host":	"10.10.0.124",
				"local_port":	47804,
				"remote_host":	"10.10.0.123",
				"remote_port":	5201
			}],
		"version":	"iperf 3.9",
		"system_info":	"Linux pmem-4 5.11.6-1-default #1 SMP Thu Mar 11 16:11:36 UTC 2021 (7358b30) x86_64",
		"timestamp":	{
			"time":	"Mon, 11 Oct 2021 13:38:46 GMT",
			"timesecs":	1633959526
		},
		"connecting_to":	{
			"host":	"10.10.0.123",
			"port":	5201
		},
		"cookie":	"jstdxorrg64wxmjobzgpjkqkae6o5poj6qor",
		"tcp_mss_default":	1448,
		"sock_bufsize":	0,
		"sndbuf_actual":	16384,
		"rcvbuf_actual":	131072,
		"sock_bufsize":	0,
		"sndbuf_actual":	16384,
		"rcvbuf_actual":	131072,
		"test_start":	{
			"protocol":	"TCP",
			"num_streams":	2,
			"blksize":	20480,
			"omit":	0,
			"duration":	20,
			"bytes":	0,
			"blocks":	0,
			"reverse":	0,
			"tos":	0
		}
	},
	"intervals":	[{
			"streams":	[{
					"socket":	6,
					"start":	0,
					"end":	20.000024,
					"seconds":	20.000024795532227,
					"bytes":	11770470400,
					"bits_per_second":	4708182322.905674,
					"retransmits":	0,
					"snd_cwnd":	2019960,
					"rtt":	1800,
					"rttvar":	122,
					"pmtu":	1500,
					"omitted":	false,
					"sender":	true
				}, {
					"socket":	8,
					"start":	0,
					"end":	20.000036,
					"seconds":	20.000036239624023,
					"bytes":	11771230408,
					"bits_per_second":	4708483631.5161734,
					"retransmits":	0,
					"snd_cwnd":	1792624,
					"rtt":	1805,
					"rttvar":	102,
					"pmtu":	1500,
					"omitted":	false,
					"sender":	true
				}],
			"sum":	{
				"start":	0,
				"end":	20.000024,
				"seconds":	20.000024795532227,
				"bytes":	23541700808,
				"bits_per_second":	9416668648.63445,
				"retransmits":	0,
				"omitted":	false,
				"sender":	true
			}
		}],
	"end":	{
		"streams":	[{
				"sender":	{
					"socket":	6,
					"start":	0,
					"end":	20.000024,
					"seconds":	20.000024,
					"bytes":	11770470400,
					"bits_per_second":	4708182510.1809874,
					"retransmits":	0,
					"max_snd_cwnd":	2019960,
					"max_rtt":	1800,
					"min_rtt":	1800,
					"mean_rtt":	1800,
					"sender":	true
				},
				"receiver":	{
					"socket":	6,
					"start":	0,
					"end":	20.000126,
					"seconds":	20.000024,
					"bytes":	11767788240,
					"bits_per_second":	4707085641.36046,
					"sender":	true
				}
			}, {
				"sender":	{
					"socket":	8,
					"start":	0,
					"end":	20.000024,
					"seconds":	20.000024,
					"bytes":	11771230408,
					"bits_per_second":	4708486513.0161848,
					"retransmits":	0,
					"max_snd_cwnd":	1792624,
					"max_rtt":	1805,
					"min_rtt":	1805,
					"mean_rtt":	1805,
					"sender":	true
				},
				"receiver":	{
					"socket":	8,
					"start":	0,
					"end":	20.000126,
					"seconds":	20.000024,
					"bytes":	11768426984,
					"bits_per_second":	4707341137.3508339,
					"sender":	true
				}
			}],
		"sum_sent":	{
			"start":	0,
			"end":	20.000024,
			"seconds":	20.000024,
			"bytes":	23541700808,
			"bits_per_second":	9416669023.19717,
			"retransmits":	0,
			"sender":	true
		},
		"sum_received":	{
			"start":	0,
			"end":	20.000126,
			"seconds":	20.000126,
			"bytes":	23536215224,
			"bits_per_second":	9414426778.7112942,
			"sender":	true
		},
		"cpu_utilization_percent":	{
			"host_total":	35.643281752441418,
			"host_user":	1.5601858649987432,
			"host_system":	34.083085888142122,
			"remote_total":	62.503543312270985,
			"remote_user":	2.3132544482863535,
			"remote_system":	60.19029876496198
		},
		"sender_tcp_congestion":	"cubic",
		"receiver_tcp_congestion":	"cubic"
	}
}
