{
	"start":	{
		"connected":	[{
				"socket":	6,
				"local_host":	"10.10.0.124",
				"local_port":	47798,
				"remote_host":	"10.10.0.123",
				"remote_port":	5201
			}],
		"version":	"iperf 3.9",
		"system_info":	"Linux pmem-4 5.11.6-1-default #1 SMP Thu Mar 11 16:11:36 UTC 2021 (7358b30) x86_64",
		"timestamp":	{
			"time":	"Mon, 11 Oct 2021 13:38:26 GMT",
			"timesecs":	1633959506
		},
		"connecting_to":	{
			"host":	"10.10.0.123",
			"port":	5201
		},
		"cookie":	"b33d7iwxqj346orzgkc66upcs6c6b4z3iiuj",
		"tcp_mss_default":	1448,
		"sock_bufsize":	0,
		"sndbuf_actual":	16384,
		"rcvbuf_actual":	131072,
		"test_start":	{
			"protocol":	"TCP",
			"num_streams":	1,
			"blksize":	20480,
			"omit":	0,
			"duration":	20,
			"bytes":	0,
			"blocks":	0,
			"reverse":	0,
			"tos":	0
		}
	},
	"intervals":	[{
			"streams":	[{
					"socket":	6,
					"start":	0,
					"end":	20.000073,
					"seconds":	20.000072479248047,
					"bytes":	23535366496,
					"bits_per_second":	9414112482.010313,
					"retransmits":	0,
					"snd_cwnd":	2548480,
					"rtt":	1369,
					"rttvar":	146,
					"pmtu":	1500,
					"omitted":	false,
					"sender":	true
				}],
			"sum":	{
				"start":	0,
				"end":	20.000073,
				"seconds":	20.000072479248047,
				"bytes":	23535366496,
				"bits_per_second":	9414112482.010313,
				"retransmits":	0,
				"omitted":	false,
				"sender":	true
			}
		}],
	"end":	{
		"streams":	[{
				"sender":	{
					"socket":	6,
					"start":	0,
					"end":	20.000073,
					"seconds":	20.000073,
					"bytes":	23535366496,
					"bits_per_second":	9414112236.8903351,
					"retransmits":	0,
					"max_snd_cwnd":	2548480,
					"max_rtt":	1369,
					"min_rtt":	1369,
					"mean_rtt":	1369,
					"sender":	true
				},
				"receiver":	{
					"socket":	6,
					"start":	0,
					"end":	20.000474,
					"seconds":	20.000073,
					"bytes":	23533567048,
					"bits_per_second":	9413203726.2716866,
					"sender":	true
				}
			}],
		"sum_sent":	{
			"start":	0,
			"end":	20.000073,
			"seconds":	20.000073,
			"bytes":	23535366496,
			"bits_per_second":	9414112236.8903351,
			"retransmits":	0,
			"sender":	true
		},
		"sum_received":	{
			"start":	0,
			"end":	20.000474,
			"seconds":	20.000474,
			"bytes":	23533567048,
			"bits_per_second":	9413203726.2716866,
			"sender":	true
		},
		"cpu_utilization_percent":	{
			"host_total":	35.7775951210659,
			"host_user":	1.2210584523143488,
			"host_system":	34.556521669569,
			"remote_total":	63.822544068124145,
			"remote_user":	2.0459758776483188,
			"remote_system":	61.77657318766915
		},
		"sender_tcp_congestion":	"cubic",
		"receiver_tcp_congestion":	"cubic"
	}
}
