{
	"start":	{
		"connected":	[{
				"socket":	6,
				"local_host":	"10.10.0.124",
				"local_port":	47760,
				"remote_host":	"10.10.0.123",
				"remote_port":	5201
			}],
		"version":	"iperf 3.9",
		"system_info":	"Linux pmem-4 5.11.6-1-default #1 SMP Thu Mar 11 16:11:36 UTC 2021 (7358b30) x86_64",
		"timestamp":	{
			"time":	"Mon, 11 Oct 2021 13:37:06 GMT",
			"timesecs":	1633959426
		},
		"connecting_to":	{
			"host":	"10.10.0.123",
			"port":	5201
		},
		"cookie":	"ivo2eei5hmpxl4lcw2ibjomz5u2wycx2obiq",
		"tcp_mss_default":	1448,
		"sock_bufsize":	0,
		"sndbuf_actual":	16384,
		"rcvbuf_actual":	131072,
		"test_start":	{
			"protocol":	"TCP",
			"num_streams":	1,
			"blksize":	16384,
			"omit":	0,
			"duration":	20,
			"bytes":	0,
			"blocks":	0,
			"reverse":	0,
			"tos":	0
		}
	},
	"intervals":	[{
			"streams":	[{
					"socket":	6,
					"start":	0,
					"end":	20.000073,
					"seconds":	20.000072479248047,
					"bytes":	23536515640,
					"bits_per_second":	9414572137.94454,
					"retransmits":	0,
					"snd_cwnd":	2386304,
					"rtt":	1354,
					"rttvar":	129,
					"pmtu":	1500,
					"omitted":	false,
					"sender":	true
				}],
			"sum":	{
				"start":	0,
				"end":	20.000073,
				"seconds":	20.000072479248047,
				"bytes":	23536515640,
				"bits_per_second":	9414572137.94454,
				"retransmits":	0,
				"omitted":	false,
				"sender":	true
			}
		}],
	"end":	{
		"streams":	[{
				"sender":	{
					"socket":	6,
					"start":	0,
					"end":	20.000073,
					"seconds":	20.000073,
					"bytes":	23536515640,
					"bits_per_second":	9414571892.81259,
					"retransmits":	0,
					"max_snd_cwnd":	2386304,
					"max_rtt":	1354,
					"min_rtt":	1354,
					"mean_rtt":	1354,
					"sender":	true
				},
				"receiver":	{
					"socket":	6,
					"start":	0,
					"end":	20.000197,
					"seconds":	20.000073,
					"bytes":	23534343792,
					"bits_per_second":	9413644792.3987942,
					"sender":	true
				}
			}],
		"sum_sent":	{
			"start":	0,
			"end":	20.000073,
			"seconds":	20.000073,
			"bytes":	23536515640,
			"bits_per_second":	9414571892.81259,
			"retransmits":	0,
			"sender":	true
		},
		"sum_received":	{
			"start":	0,
			"end":	20.000197,
			"seconds":	20.000197,
			"bytes":	23534343792,
			"bits_per_second":	9413644792.3987942,
			"sender":	true
		},
		"cpu_utilization_percent":	{
			"host_total":	37.142657722432034,
			"host_user":	1.593974886125902,
			"host_system":	35.548672836714616,
			"remote_total":	63.386222884315572,
			"remote_user":	2.3842253163198919,
			"remote_system":	61.00199756799568
		},
		"sender_tcp_congestion":	"cubic",
		"receiver_tcp_congestion":	"cubic"
	}
}
