{
	"start":	{
		"connected":	[{
				"socket":	6,
				"local_host":	"10.10.0.124",
				"local_port":	47836,
				"remote_host":	"10.10.0.123",
				"remote_port":	5201
			}],
		"version":	"iperf 3.9",
		"system_info":	"Linux pmem-4 5.11.6-1-default #1 SMP Thu Mar 11 16:11:36 UTC 2021 (7358b30) x86_64",
		"timestamp":	{
			"time":	"Mon, 11 Oct 2021 13:39:46 GMT",
			"timesecs":	1633959586
		},
		"connecting_to":	{
			"host":	"10.10.0.123",
			"port":	5201
		},
		"cookie":	"gjrdojnr6bhjj22m5wrm3sxyycmoy5kcm2s7",
		"tcp_mss_default":	1448,
		"sock_bufsize":	0,
		"sndbuf_actual":	16384,
		"rcvbuf_actual":	131072,
		"test_start":	{
			"protocol":	"TCP",
			"num_streams":	1,
			"blksize":	24576,
			"omit":	0,
			"duration":	20,
			"bytes":	0,
			"blocks":	0,
			"reverse":	0,
			"tos":	0
		}
	},
	"intervals":	[{
			"streams":	[{
					"socket":	6,
					"start":	0,
					"end":	20.000141,
					"seconds":	20.000141143798828,
					"bytes":	23535848264,
					"bits_per_second":	9414272867.2882156,
					"retransmits":	0,
					"snd_cwnd":	2351552,
					"rtt":	1286,
					"rttvar":	130,
					"pmtu":	1500,
					"omitted":	false,
					"sender":	true
				}],
			"sum":	{
				"start":	0,
				"end":	20.000141,
				"seconds":	20.000141143798828,
				"bytes":	23535848264,
				"bits_per_second":	9414272867.2882156,
				"retransmits":	0,
				"omitted":	false,
				"sender":	true
			}
		}],
	"end":	{
		"streams":	[{
				"sender":	{
					"socket":	6,
					"start":	0,
					"end":	20.000141,
					"seconds":	20.000141,
					"bytes":	23535848264,
					"bits_per_second":	9414272934.97581,
					"retransmits":	0,
					"max_snd_cwnd":	2351552,
					"max_rtt":	1286,
					"min_rtt":	1286,
					"mean_rtt":	1286,
					"sender":	true
				},
				"receiver":	{
					"socket":	6,
					"start":	0,
					"end":	20.001157,
					"seconds":	20.000141,
					"bytes":	23534246384,
					"bits_per_second":	9413154002.64095,
					"sender":	true
				}
			}],
		"sum_sent":	{
			"start":	0,
			"end":	20.000141,
			"seconds":	20.000141,
			"bytes":	23535848264,
			"bits_per_second":	9414272934.97581,
			"retransmits":	0,
			"sender":	true
		},
		"sum_received":	{
			"start":	0,
			"end":	20.001157,
			"seconds":	20.001157,
			"bytes":	23534246384,
			"bits_per_second":	9413154002.64095,
			"sender":	true
		},
		"cpu_utilization_percent":	{
			"host_total":	30.960548717847953,
			"host_user":	0.93081885150410981,
			"host_system":	30.029724866618579,
			"remote_total":	63.601353084848085,
			"remote_user":	1.9602842967063958,
			"remote_system":	61.6410687881417
		},
		"sender_tcp_congestion":	"cubic",
		"receiver_tcp_congestion":	"cubic"
	}
}
