{
	"start":	{
		"connected":	[{
				"socket":	6,
				"local_host":	"10.10.0.124",
				"local_port":	47646,
				"remote_host":	"10.10.0.123",
				"remote_port":	5201
			}],
		"version":	"iperf 3.9",
		"system_info":	"Linux pmem-4 5.11.6-1-default #1 SMP Thu Mar 11 16:11:36 UTC 2021 (7358b30) x86_64",
		"timestamp":	{
			"time":	"Mon, 11 Oct 2021 13:33:05 GMT",
			"timesecs":	1633959185
		},
		"connecting_to":	{
			"host":	"10.10.0.123",
			"port":	5201
		},
		"cookie":	"o7dzg77bdt63p2ywwaaohp5ivdu5hlwfiti6",
		"tcp_mss_default":	1448,
		"sock_bufsize":	0,
		"sndbuf_actual":	16384,
		"rcvbuf_actual":	131072,
		"test_start":	{
			"protocol":	"TCP",
			"num_streams":	1,
			"blksize":	4096,
			"omit":	0,
			"duration":	20,
			"bytes":	0,
			"blocks":	0,
			"reverse":	0,
			"tos":	0
		}
	},
	"intervals":	[{
			"streams":	[{
					"socket":	6,
					"start":	0,
					"end":	20.000073,
					"seconds":	20.000072479248047,
					"bytes":	23535902720,
					"bits_per_second":	9414326970.8330135,
					"retransmits":	0,
					"snd_cwnd":	2350104,
					"rtt":	1392,
					"rttvar":	157,
					"pmtu":	1500,
					"omitted":	false,
					"sender":	true
				}],
			"sum":	{
				"start":	0,
				"end":	20.000073,
				"seconds":	20.000072479248047,
				"bytes":	23535902720,
				"bits_per_second":	9414326970.8330135,
				"retransmits":	0,
				"omitted":	false,
				"sender":	true
			}
		}],
	"end":	{
		"streams":	[{
				"sender":	{
					"socket":	6,
					"start":	0,
					"end":	20.000073,
					"seconds":	20.000073,
					"bytes":	23535902720,
					"bits_per_second":	9414326725.70745,
					"retransmits":	0,
					"max_snd_cwnd":	2350104,
					"max_rtt":	1392,
					"min_rtt":	1392,
					"mean_rtt":	1392,
					"sender":	true
				},
				"receiver":	{
					"socket":	6,
					"start":	0,
					"end":	20.000177,
					"seconds":	20.000073,
					"bytes":	23534083112,
					"bits_per_second":	9413549934.8830757,
					"sender":	true
				}
			}],
		"sum_sent":	{
			"start":	0,
			"end":	20.000073,
			"seconds":	20.000073,
			"bytes":	23535902720,
			"bits_per_second":	9414326725.70745,
			"retransmits":	0,
			"sender":	true
		},
		"sum_received":	{
			"start":	0,
			"end":	20.000177,
			"seconds":	20.000177,
			"bytes":	23534083112,
			"bits_per_second":	9413549934.8830757,
			"sender":	true
		},
		"cpu_utilization_percent":	{
			"host_total":	62.102104564493764,
			"host_user":	5.55073541635678,
			"host_system":	56.551359148424481,
			"remote_total":	66.410980234500371,
			"remote_user":	4.0209802180075886,
			"remote_system":	62.3900050143055
		},
		"sender_tcp_congestion":	"cubic",
		"receiver_tcp_congestion":	"cubic"
	}
}
