{
	"start":	{
		"connected":	[{
				"socket":	6,
				"local_host":	"10.10.0.124",
				"local_port":	47608,
				"remote_host":	"10.10.0.123",
				"remote_port":	5201
			}],
		"version":	"iperf 3.9",
		"system_info":	"Linux pmem-4 5.11.6-1-default #1 SMP Thu Mar 11 16:11:36 UTC 2021 (7358b30) x86_64",
		"timestamp":	{
			"time":	"Mon, 11 Oct 2021 13:31:45 GMT",
			"timesecs":	1633959105
		},
		"connecting_to":	{
			"host":	"10.10.0.123",
			"port":	5201
		},
		"cookie":	"2fh7xefn6yspuxwwre75pf4f7wfia6c5vysq",
		"tcp_mss_default":	1448,
		"sock_bufsize":	0,
		"sndbuf_actual":	16384,
		"rcvbuf_actual":	131072,
		"test_start":	{
			"protocol":	"TCP",
			"num_streams":	1,
			"blksize":	2048,
			"omit":	0,
			"duration":	20,
			"bytes":	0,
			"blocks":	0,
			"reverse":	0,
			"tos":	0
		}
	},
	"intervals":	[{
			"streams":	[{
					"socket":	6,
					"start":	0,
					"end":	20.000068,
					"seconds":	20.000068664550781,
					"bytes":	23508992000,
					"bits_per_second":	9403564515.42334,
					"retransmits":	740,
					"snd_cwnd":	1252520,
					"rtt":	275,
					"rttvar":	11,
					"pmtu":	1500,
					"omitted":	false,
					"sender":	true
				}],
			"sum":	{
				"start":	0,
				"end":	20.000068,
				"seconds":	20.000068664550781,
				"bytes":	23508992000,
				"bits_per_second":	9403564515.42334,
				"retransmits":	740,
				"omitted":	false,
				"sender":	true
			}
		}],
	"end":	{
		"streams":	[{
				"sender":	{
					"socket":	6,
					"start":	0,
					"end":	20.000068,
					"seconds":	20.000068,
					"bytes":	23508992000,
					"bits_per_second":	9403564827.8795853,
					"retransmits":	740,
					"max_snd_cwnd":	1252520,
					"max_rtt":	275,
					"min_rtt":	275,
					"mean_rtt":	275,
					"sender":	true
				},
				"receiver":	{
					"socket":	6,
					"start":	0,
					"end":	20.000164,
					"seconds":	20.000068,
					"bytes":	23503217960,
					"bits_per_second":	9401210094.07723,
					"sender":	true
				}
			}],
		"sum_sent":	{
			"start":	0,
			"end":	20.000068,
			"seconds":	20.000068,
			"bytes":	23508992000,
			"bits_per_second":	9403564827.8795853,
			"retransmits":	740,
			"sender":	true
		},
		"sum_received":	{
			"start":	0,
			"end":	20.000164,
			"seconds":	20.000164,
			"bytes":	23503217960,
			"bits_per_second":	9401210094.07723,
			"sender":	true
		},
		"cpu_utilization_percent":	{
			"host_total":	62.383500179495876,
			"host_user":	5.31094784819949,
			"host_system":	57.072542331526378,
			"remote_total":	94.0006735594147,
			"remote_user":	9.11861917021658,
			"remote_system":	84.8820543891981
		},
		"sender_tcp_congestion":	"cubic",
		"receiver_tcp_congestion":	"cubic"
	}
}
