{
	"start":	{
		"connected":	[{
				"socket":	6,
				"local_host":	"10.10.0.124",
				"local_port":	47570,
				"remote_host":	"10.10.0.123",
				"remote_port":	5201
			}],
		"version":	"iperf 3.9",
		"system_info":	"Linux pmem-4 5.11.6-1-default #1 SMP Thu Mar 11 16:11:36 UTC 2021 (7358b30) x86_64",
		"timestamp":	{
			"time":	"Mon, 11 Oct 2021 13:30:25 GMT",
			"timesecs":	1633959025
		},
		"connecting_to":	{
			"host":	"10.10.0.123",
			"port":	5201
		},
		"cookie":	"qxdzttdnbysvbfl6gm4zekmoyajxqr4ivn3m",
		"tcp_mss_default":	1448,
		"sock_bufsize":	0,
		"sndbuf_actual":	16384,
		"rcvbuf_actual":	131072,
		"test_start":	{
			"protocol":	"TCP",
			"num_streams":	1,
			"blksize":	1024,
			"omit":	0,
			"duration":	20,
			"bytes":	0,
			"blocks":	0,
			"reverse":	0,
			"tos":	0
		}
	},
	"intervals":	[{
			"streams":	[{
					"socket":	6,
					"start":	0,
					"end":	20.000014,
					"seconds":	20.00001335144043,
					"bytes":	15003525120,
					"bits_per_second":	6001406041.6292372,
					"retransmits":	0,
					"snd_cwnd":	644360,
					"rtt":	176,
					"rttvar":	56,
					"pmtu":	1500,
					"omitted":	false,
					"sender":	true
				}],
			"sum":	{
				"start":	0,
				"end":	20.000014,
				"seconds":	20.00001335144043,
				"bytes":	15003525120,
				"bits_per_second":	6001406041.6292372,
				"retransmits":	0,
				"omitted":	false,
				"sender":	true
			}
		}],
	"end":	{
		"streams":	[{
				"sender":	{
					"socket":	6,
					"start":	0,
					"end":	20.000014,
					"seconds":	20.000014,
					"bytes":	15003525120,
					"bits_per_second":	6001405847.0159073,
					"retransmits":	0,
					"max_snd_cwnd":	644360,
					"max_rtt":	176,
					"min_rtt":	176,
					"mean_rtt":	176,
					"sender":	true
				},
				"receiver":	{
					"socket":	6,
					"start":	0,
					"end":	20.000109,
					"seconds":	20.000014,
					"bytes":	14997394080,
					"bits_per_second":	5998924937.85909,
					"sender":	true
				}
			}],
		"sum_sent":	{
			"start":	0,
			"end":	20.000014,
			"seconds":	20.000014,
			"bytes":	15003525120,
			"bits_per_second":	6001405847.0159073,
			"retransmits":	0,
			"sender":	true
		},
		"sum_received":	{
			"start":	0,
			"end":	20.000109,
			"seconds":	20.000109,
			"bytes":	14997394080,
			"bits_per_second":	5998924937.85909,
			"sender":	true
		},
		"cpu_utilization_percent":	{
			"host_total":	62.8009820221272,
			"host_user":	5.75848019566044,
			"host_system":	57.042491826648757,
			"remote_total":	99.951461526812864,
			"remote_user":	10.484345192906947,
			"remote_system":	89.4671213316894
		},
		"sender_tcp_congestion":	"cubic",
		"receiver_tcp_congestion":	"cubic"
	}
}
