{
	"start":	{
		"connected":	[{
				"socket":	6,
				"local_host":	"10.10.0.124",
				"local_port":	46538,
				"remote_host":	"10.10.0.123",
				"remote_port":	5201
			}],
		"version":	"iperf 3.9",
		"system_info":	"Linux pmem-4 5.11.6-1-default #1 SMP Thu Mar 11 16:11:36 UTC 2021 (7358b30) x86_64",
		"timestamp":	{
			"time":	"Mon, 11 Oct 2021 12:01:06 GMT",
			"timesecs":	1633953666
		},
		"connecting_to":	{
			"host":	"10.10.0.123",
			"port":	5201
		},
		"cookie":	"jkf6jqwfus6lqlshkz44exiucawdzizf3car",
		"tcp_mss_default":	1448,
		"sock_bufsize":	0,
		"sndbuf_actual":	16384,
		"rcvbuf_actual":	131072,
		"test_start":	{
			"protocol":	"TCP",
			"num_streams":	1,
			"blksize":	2048,
			"omit":	0,
			"duration":	20,
			"bytes":	0,
			"blocks":	0,
			"reverse":	0,
			"tos":	0
		}
	},
	"intervals":	[{
			"streams":	[{
					"socket":	6,
					"start":	0,
					"end":	20.000019,
					"seconds":	20.000019073486328,
					"bytes":	506839040,
					"bits_per_second":	202735422.65643439,
					"retransmits":	0,
					"snd_cwnd":	68056,
					"rtt":	85,
					"rttvar":	11,
					"pmtu":	1500,
					"omitted":	false,
					"sender":	true
				}],
			"sum":	{
				"start":	0,
				"end":	20.000019,
				"seconds":	20.000019073486328,
				"bytes":	506839040,
				"bits_per_second":	202735422.65643439,
				"retransmits":	0,
				"omitted":	false,
				"sender":	true
			}
		}],
	"end":	{
		"streams":	[{
				"sender":	{
					"socket":	6,
					"start":	0,
					"end":	20.000019,
					"seconds":	20.000019,
					"bytes":	506839040,
					"bits_per_second":	202735423.40134776,
					"retransmits":	0,
					"max_snd_cwnd":	68056,
					"max_rtt":	85,
					"min_rtt":	85,
					"mean_rtt":	85,
					"sender":	true
				},
				"receiver":	{
					"socket":	6,
					"start":	0,
					"end":	20.000189,
					"seconds":	20.000019,
					"bytes":	506439680,
					"bits_per_second":	202573957.6761,
					"sender":	true
				}
			}],
		"sum_sent":	{
			"start":	0,
			"end":	20.000019,
			"seconds":	20.000019,
			"bytes":	506839040,
			"bits_per_second":	202735423.40134776,
			"retransmits":	0,
			"sender":	true
		},
		"sum_received":	{
			"start":	0,
			"end":	20.000189,
			"seconds":	20.000189,
			"bytes":	506439680,
			"bits_per_second":	202573957.6761,
			"sender":	true
		},
		"cpu_utilization_percent":	{
			"host_total":	2.9061865924447967,
			"host_user":	0.36253459525711612,
			"host_system":	2.5436469973311766,
			"remote_total":	41.469539321794677,
			"remote_user":	1.8043076033665735,
			"remote_system":	39.665236715984051
		},
		"sender_tcp_congestion":	"cubic",
		"receiver_tcp_congestion":	"cubic"
	}
}
