{
	"start":	{
		"connected":	[{
				"socket":	6,
				"local_host":	"10.10.0.124",
				"local_port":	47688,
				"remote_host":	"10.10.0.123",
				"remote_port":	5201
			}, {
				"socket":	8,
				"local_host":	"10.10.0.124",
				"local_port":	47690,
				"remote_host":	"10.10.0.123",
				"remote_port":	5201
			}],
		"version":	"iperf 3.9",
		"system_info":	"Linux pmem-4 5.11.6-1-default #1 SMP Thu Mar 11 16:11:36 UTC 2021 (7358b30) x86_64",
		"timestamp":	{
			"time":	"Mon, 11 Oct 2021 13:34:45 GMT",
			"timesecs":	1633959285
		},
		"connecting_to":	{
			"host":	"10.10.0.123",
			"port":	5201
		},
		"cookie":	"qfaak2fqx3ske7fsamaqkonvdfocwkte57nl",
		"tcp_mss_default":	1448,
		"sock_bufsize":	0,
		"sndbuf_actual":	16384,
		"rcvbuf_actual":	131072,
		"sock_bufsize":	0,
		"sndbuf_actual":	16384,
		"rcvbuf_actual":	131072,
		"test_start":	{
			"protocol":	"TCP",
			"num_streams":	2,
			"blksize":	8192,
			"omit":	0,
			"duration":	20,
			"bytes":	0,
			"blocks":	0,
			"reverse":	0,
			"tos":	0
		}
	},
	"intervals":	[{
			"streams":	[{
					"socket":	6,
					"start":	0,
					"end":	20.000078,
					"seconds":	20.000078201293945,
					"bytes":	11776409600,
					"bits_per_second":	4710545421.4626427,
					"retransmits":	0,
					"snd_cwnd":	1825928,
					"rtt":	1957,
					"rttvar":	66,
					"pmtu":	1500,
					"omitted":	false,
					"sender":	true
				}, {
					"socket":	8,
					"start":	0,
					"end":	20.000089,
					"seconds":	20.000089645385742,
					"bytes":	11762728960,
					"bits_per_second":	4705070494.607028,
					"retransmits":	0,
					"snd_cwnd":	1560944,
					"rtt":	1800,
					"rttvar":	100,
					"pmtu":	1500,
					"omitted":	false,
					"sender":	true
				}],
			"sum":	{
				"start":	0,
				"end":	20.000078,
				"seconds":	20.000078201293945,
				"bytes":	23539138560,
				"bits_per_second":	9415618608.3220768,
				"retransmits":	0,
				"omitted":	false,
				"sender":	true
			}
		}],
	"end":	{
		"streams":	[{
				"sender":	{
					"socket":	6,
					"start":	0,
					"end":	20.000078,
					"seconds":	20.000078,
					"bytes":	11776409600,
					"bits_per_second":	4710545468.8726721,
					"retransmits":	0,
					"max_snd_cwnd":	1825928,
					"max_rtt":	1957,
					"min_rtt":	1957,
					"mean_rtt":	1957,
					"sender":	true
				},
				"receiver":	{
					"socket":	6,
					"start":	0,
					"end":	20.000171,
					"seconds":	20.000078,
					"bytes":	11773803656,
					"bits_per_second":	4709481196.33577,
					"sender":	true
				}
			}, {
				"sender":	{
					"socket":	8,
					"start":	0,
					"end":	20.000078,
					"seconds":	20.000078,
					"bytes":	11762728960,
					"bits_per_second":	4705073234.2143869,
					"retransmits":	0,
					"max_snd_cwnd":	1560944,
					"max_rtt":	1800,
					"min_rtt":	1800,
					"mean_rtt":	1800,
					"sender":	true
				},
				"receiver":	{
					"socket":	8,
					"start":	0,
					"end":	20.000171,
					"seconds":	20.000078,
					"bytes":	11759962024,
					"bits_per_second":	4703944590.8737478,
					"sender":	true
				}
			}],
		"sum_sent":	{
			"start":	0,
			"end":	20.000078,
			"seconds":	20.000078,
			"bytes":	23539138560,
			"bits_per_second":	9415618703.08706,
			"retransmits":	0,
			"sender":	true
		},
		"sum_received":	{
			"start":	0,
			"end":	20.000171,
			"seconds":	20.000171,
			"bytes":	23533765680,
			"bits_per_second":	9413425787.20952,
			"sender":	true
		},
		"cpu_utilization_percent":	{
			"host_total":	47.785676544502657,
			"host_user":	3.1669719200242872,
			"host_system":	44.618694624914355,
			"remote_total":	64.386397023789925,
			"remote_user":	3.1395796294648233,
			"remote_system":	61.2468173943251
		},
		"sender_tcp_congestion":	"cubic",
		"receiver_tcp_congestion":	"cubic"
	}
}
