{
	"start":	{
		"connected":	[{
				"socket":	6,
				"local_host":	"10.10.0.124",
				"local_port":	46422,
				"remote_host":	"10.10.0.123",
				"remote_port":	5201
			}],
		"version":	"iperf 3.9",
		"system_info":	"Linux pmem-4 5.11.6-1-default #1 SMP Thu Mar 11 16:11:36 UTC 2021 (7358b30) x86_64",
		"timestamp":	{
			"time":	"Mon, 11 Oct 2021 11:57:05 GMT",
			"timesecs":	1633953425
		},
		"connecting_to":	{
			"host":	"10.10.0.123",
			"port":	5201
		},
		"cookie":	"6expi7kb35sfp3khypjfd27hqzyrjrvbv3ly",
		"tcp_mss_default":	1448,
		"sock_bufsize":	0,
		"sndbuf_actual":	16384,
		"rcvbuf_actual":	131072,
		"test_start":	{
			"protocol":	"TCP",
			"num_streams":	1,
			"blksize":	256,
			"omit":	0,
			"duration":	20,
			"bytes":	0,
			"blocks":	0,
			"reverse":	0,
			"tos":	0
		}
	},
	"intervals":	[{
			"streams":	[{
					"socket":	6,
					"start":	0,
					"end":	20.000074,
					"seconds":	20.00007438659668,
					"bytes":	77862400,
					"bits_per_second":	31144844.162051935,
					"retransmits":	0,
					"snd_cwnd":	31856,
					"rtt":	67,
					"rttvar":	3,
					"pmtu":	1500,
					"omitted":	false,
					"sender":	true
				}],
			"sum":	{
				"start":	0,
				"end":	20.000074,
				"seconds":	20.00007438659668,
				"bytes":	77862400,
				"bits_per_second":	31144844.162051935,
				"retransmits":	0,
				"omitted":	false,
				"sender":	true
			}
		}],
	"end":	{
		"streams":	[{
				"sender":	{
					"socket":	6,
					"start":	0,
					"end":	20.000074,
					"seconds":	20.000074,
					"bytes":	77862400,
					"bits_per_second":	31144844.76407437,
					"retransmits":	0,
					"max_snd_cwnd":	31856,
					"max_rtt":	67,
					"min_rtt":	67,
					"mean_rtt":	67,
					"sender":	true
				},
				"receiver":	{
					"socket":	6,
					"start":	0,
					"end":	20.000154,
					"seconds":	20.000074,
					"bytes":	77649408,
					"bits_per_second":	31059524.04166488,
					"sender":	true
				}
			}],
		"sum_sent":	{
			"start":	0,
			"end":	20.000074,
			"seconds":	20.000074,
			"bytes":	77862400,
			"bits_per_second":	31144844.76407437,
			"retransmits":	0,
			"sender":	true
		},
		"sum_received":	{
			"start":	0,
			"end":	20.000154,
			"seconds":	20.000154,
			"bytes":	77649408,
			"bits_per_second":	31059524.04166488,
			"sender":	true
		},
		"cpu_utilization_percent":	{
			"host_total":	2.1244622446818449,
			"host_user":	0.30147896586984912,
			"host_system":	1.822973279177982,
			"remote_total":	3.3062022229312134,
			"remote_user":	0.13192928210436991,
			"remote_system":	3.1742719840236835
		},
		"sender_tcp_congestion":	"cubic",
		"receiver_tcp_congestion":	"cubic"
	}
}
