{
	"start":	{
		"connected":	[{
				"socket":	6,
				"local_host":	"10.10.0.124",
				"local_port":	47072,
				"remote_host":	"10.10.0.123",
				"remote_port":	5201
			}],
		"version":	"iperf 3.9",
		"system_info":	"Linux pmem-4 5.11.6-1-default #1 SMP Thu Mar 11 16:11:36 UTC 2021 (7358b30) x86_64",
		"timestamp":	{
			"time":	"Mon, 11 Oct 2021 12:55:24 GMT",
			"timesecs":	1633956924
		},
		"connecting_to":	{
			"host":	"10.10.0.123",
			"port":	5201
		},
		"cookie":	"cth2y2bzqo5f3mqdov4a3guxz4jrqyphl6a5",
		"tcp_mss_default":	1448,
		"sock_bufsize":	0,
		"sndbuf_actual":	16384,
		"rcvbuf_actual":	131072,
		"test_start":	{
			"protocol":	"TCP",
			"num_streams":	1,
			"blksize":	256,
			"omit":	0,
			"duration":	20,
			"bytes":	0,
			"blocks":	0,
			"reverse":	0,
			"tos":	0
		}
	},
	"intervals":	[{
			"streams":	[{
					"socket":	6,
					"start":	0,
					"end":	20.000071,
					"seconds":	20.000070571899414,
					"bytes":	28725760,
					"bits_per_second":	11490263.455514159,
					"retransmits":	0,
					"snd_cwnd":	36200,
					"rtt":	164,
					"rttvar":	5,
					"pmtu":	1500,
					"omitted":	false,
					"sender":	true
				}],
			"sum":	{
				"start":	0,
				"end":	20.000071,
				"seconds":	20.000070571899414,
				"bytes":	28725760,
				"bits_per_second":	11490263.455514159,
				"retransmits":	0,
				"omitted":	false,
				"sender":	true
			}
		}],
	"end":	{
		"streams":	[{
				"sender":	{
					"socket":	6,
					"start":	0,
					"end":	20.000071,
					"seconds":	20.000071,
					"bytes":	28725760,
					"bits_per_second":	11490263.209565608,
					"retransmits":	0,
					"max_snd_cwnd":	36200,
					"max_rtt":	164,
					"min_rtt":	164,
					"mean_rtt":	164,
					"sender":	true
				},
				"receiver":	{
					"socket":	6,
					"start":	0,
					"end":	20.000148,
					"seconds":	20.000071,
					"bytes":	28500992,
					"bits_per_second":	11400312.437687961,
					"sender":	true
				}
			}],
		"sum_sent":	{
			"start":	0,
			"end":	20.000071,
			"seconds":	20.000071,
			"bytes":	28725760,
			"bits_per_second":	11490263.209565608,
			"retransmits":	0,
			"sender":	true
		},
		"sum_received":	{
			"start":	0,
			"end":	20.000148,
			"seconds":	20.000148,
			"bytes":	28500992,
			"bits_per_second":	11400312.437687961,
			"sender":	true
		},
		"cpu_utilization_percent":	{
			"host_total":	0.80488401196553927,
			"host_user":	0.12684011665550876,
			"host_system":	0.67803389569501571,
			"remote_total":	57.151798862090061,
			"remote_user":	0.2228258862030168,
			"remote_system":	56.928964989153016
		},
		"sender_tcp_congestion":	"cubic",
		"receiver_tcp_congestion":	"cubic"
	}
}
