{
	"start":	{
		"connected":	[{
				"socket":	6,
				"local_host":	"10.10.0.124",
				"local_port":	47536,
				"remote_host":	"10.10.0.123",
				"remote_port":	5201
			}, {
				"socket":	8,
				"local_host":	"10.10.0.124",
				"local_port":	47538,
				"remote_host":	"10.10.0.123",
				"remote_port":	5201
			}],
		"version":	"iperf 3.9",
		"system_info":	"Linux pmem-4 5.11.6-1-default #1 SMP Thu Mar 11 16:11:36 UTC 2021 (7358b30) x86_64",
		"timestamp":	{
			"time":	"Mon, 11 Oct 2021 13:29:25 GMT",
			"timesecs":	1633958965
		},
		"connecting_to":	{
			"host":	"10.10.0.123",
			"port":	5201
		},
		"cookie":	"dfonslks47dapiqnvipfmzbuznaiia2oluin",
		"tcp_mss_default":	1448,
		"sock_bufsize":	0,
		"sndbuf_actual":	16384,
		"rcvbuf_actual":	131072,
		"sock_bufsize":	0,
		"sndbuf_actual":	16384,
		"rcvbuf_actual":	131072,
		"test_start":	{
			"protocol":	"TCP",
			"num_streams":	2,
			"blksize":	512,
			"omit":	0,
			"duration":	20,
			"bytes":	0,
			"blocks":	0,
			"reverse":	0,
			"tos":	0
		}
	},
	"intervals":	[{
			"streams":	[{
					"socket":	6,
					"start":	0,
					"end":	20.000016,
					"seconds":	20.000015258789062,
					"bytes":	5327237120,
					"bits_per_second":	2130893222.2574904,
					"retransmits":	0,
					"snd_cwnd":	220096,
					"rtt":	188,
					"rttvar":	57,
					"pmtu":	1500,
					"omitted":	false,
					"sender":	true
				}, {
					"socket":	8,
					"start":	0,
					"end":	20.00002,
					"seconds":	20.000019073486328,
					"bytes":	5328901120,
					"bits_per_second":	2131558415.1874855,
					"retransmits":	0,
					"snd_cwnd":	359104,
					"rtt":	118,
					"rttvar":	47,
					"pmtu":	1500,
					"omitted":	false,
					"sender":	true
				}],
			"sum":	{
				"start":	0,
				"end":	20.000016,
				"seconds":	20.000015258789062,
				"bytes":	10656138240,
				"bits_per_second":	4262452044.0071688,
				"retransmits":	0,
				"omitted":	false,
				"sender":	true
			}
		}],
	"end":	{
		"streams":	[{
				"sender":	{
					"socket":	6,
					"start":	0,
					"end":	20.000016,
					"seconds":	20.000016,
					"bytes":	5327237120,
					"bits_per_second":	2130893143.2854855,
					"retransmits":	0,
					"max_snd_cwnd":	220096,
					"max_rtt":	188,
					"min_rtt":	188,
					"mean_rtt":	188,
					"sender":	true
				},
				"receiver":	{
					"socket":	6,
					"start":	0,
					"end":	20.000076,
					"seconds":	20.000016,
					"bytes":	5325414104,
					"bits_per_second":	2130157547.0013213,
					"sender":	true
				}
			}, {
				"sender":	{
					"socket":	8,
					"start":	0,
					"end":	20.000016,
					"seconds":	20.000016,
					"bytes":	5328901120,
					"bits_per_second":	2131558742.753006,
					"retransmits":	0,
					"max_snd_cwnd":	359104,
					"max_rtt":	118,
					"min_rtt":	118,
					"mean_rtt":	118,
					"sender":	true
				},
				"receiver":	{
					"socket":	8,
					"start":	0,
					"end":	20.000076,
					"seconds":	20.000016,
					"bytes":	5325932616,
					"bits_per_second":	2130364951.0131862,
					"sender":	true
				}
			}],
		"sum_sent":	{
			"start":	0,
			"end":	20.000016,
			"seconds":	20.000016,
			"bytes":	10656138240,
			"bits_per_second":	4262451886.0384912,
			"retransmits":	0,
			"sender":	true
		},
		"sum_received":	{
			"start":	0,
			"end":	20.000076,
			"seconds":	20.000076,
			"bytes":	10651346720,
			"bits_per_second":	4260522498.0145078,
			"sender":	true
		},
		"cpu_utilization_percent":	{
			"host_total":	77.135651633928433,
			"host_user":	7.0896179458885422,
			"host_system":	70.0460186884674,
			"remote_total":	99.8758126539754,
			"remote_user":	10.759539883609035,
			"remote_system":	89.116282765726
		},
		"sender_tcp_congestion":	"cubic",
		"receiver_tcp_congestion":	"cubic"
	}
}
