{
	"start":	{
		"connected":	[{
				"socket":	6,
				"local_host":	"10.10.0.124",
				"local_port":	47414,
				"remote_host":	"10.10.0.123",
				"remote_port":	5201
			}],
		"version":	"iperf 3.9",
		"system_info":	"Linux pmem-4 5.11.6-1-default #1 SMP Thu Mar 11 16:11:36 UTC 2021 (7358b30) x86_64",
		"timestamp":	{
			"time":	"Mon, 11 Oct 2021 13:07:28 GMT",
			"timesecs":	1633957648
		},
		"connecting_to":	{
			"host":	"10.10.0.123",
			"port":	5201
		},
		"cookie":	"i32bc4s3w4t44hd2hnjwfcg46jyjymq6ixoa",
		"tcp_mss_default":	1448,
		"sock_bufsize":	0,
		"sndbuf_actual":	16384,
		"rcvbuf_actual":	131072,
		"test_start":	{
			"protocol":	"TCP",
			"num_streams":	1,
			"blksize":	24576,
			"omit":	0,
			"duration":	20,
			"bytes":	0,
			"blocks":	0,
			"reverse":	0,
			"tos":	0
		}
	},
	"intervals":	[{
			"streams":	[{
					"socket":	6,
					"start":	0,
					"end":	20.000069,
					"seconds":	20.000068664550781,
					"bytes":	2213498080,
					"bits_per_second":	885396192.23341,
					"retransmits":	0,
					"snd_cwnd":	107152,
					"rtt":	263,
					"rttvar":	15,
					"pmtu":	1500,
					"omitted":	false,
					"sender":	true
				}],
			"sum":	{
				"start":	0,
				"end":	20.000069,
				"seconds":	20.000068664550781,
				"bytes":	2213498080,
				"bits_per_second":	885396192.23341,
				"retransmits":	0,
				"omitted":	false,
				"sender":	true
			}
		}],
	"end":	{
		"streams":	[{
				"sender":	{
					"socket":	6,
					"start":	0,
					"end":	20.000069,
					"seconds":	20.000069,
					"bytes":	2213498080,
					"bits_per_second":	885396177.383188,
					"retransmits":	0,
					"max_snd_cwnd":	107152,
					"max_rtt":	263,
					"min_rtt":	263,
					"mean_rtt":	263,
					"sender":	true
				},
				"receiver":	{
					"socket":	6,
					"start":	0,
					"end":	20.000193,
					"seconds":	20.000069,
					"bytes":	2212272272,
					"bits_per_second":	884900369.5114342,
					"sender":	true
				}
			}],
		"sum_sent":	{
			"start":	0,
			"end":	20.000069,
			"seconds":	20.000069,
			"bytes":	2213498080,
			"bits_per_second":	885396177.383188,
			"retransmits":	0,
			"sender":	true
		},
		"sum_received":	{
			"start":	0,
			"end":	20.000193,
			"seconds":	20.000193,
			"bytes":	2212272272,
			"bits_per_second":	884900369.5114342,
			"sender":	true
		},
		"cpu_utilization_percent":	{
			"host_total":	3.1453624673997442,
			"host_user":	0.19232362995701674,
			"host_system":	2.9530338539324159,
			"remote_total":	72.1454960326572,
			"remote_user":	0.66990530436417173,
			"remote_system":	71.475595709075677
		},
		"sender_tcp_congestion":	"cubic",
		"receiver_tcp_congestion":	"cubic"
	}
}
