{
	"start":	{
		"connected":	[{
				"socket":	6,
				"local_host":	"10.10.0.124",
				"local_port":	47148,
				"remote_host":	"10.10.0.123",
				"remote_port":	5201
			}],
		"version":	"iperf 3.9",
		"system_info":	"Linux pmem-4 5.11.6-1-default #1 SMP Thu Mar 11 16:11:36 UTC 2021 (7358b30) x86_64",
		"timestamp":	{
			"time":	"Mon, 11 Oct 2021 12:58:04 GMT",
			"timesecs":	1633957084
		},
		"connecting_to":	{
			"host":	"10.10.0.123",
			"port":	5201
		},
		"cookie":	"puwlzlijds42nxy2rdy3367rumupydc4uqcz",
		"tcp_mss_default":	1448,
		"sock_bufsize":	0,
		"sndbuf_actual":	16384,
		"rcvbuf_actual":	131072,
		"test_start":	{
			"protocol":	"TCP",
			"num_streams":	1,
			"blksize":	1024,
			"omit":	0,
			"duration":	20,
			"bytes":	0,
			"blocks":	0,
			"reverse":	0,
			"tos":	0
		}
	},
	"intervals":	[{
			"streams":	[{
					"socket":	6,
					"start":	0,
					"end":	20.000072,
					"seconds":	20.000072479248047,
					"bytes":	114196480,
					"bits_per_second":	45678426.4630999,
					"retransmits":	0,
					"snd_cwnd":	57920,
					"rtt":	190,
					"rttvar":	16,
					"pmtu":	1500,
					"omitted":	false,
					"sender":	true
				}],
			"sum":	{
				"start":	0,
				"end":	20.000072,
				"seconds":	20.000072479248047,
				"bytes":	114196480,
				"bits_per_second":	45678426.4630999,
				"retransmits":	0,
				"omitted":	false,
				"sender":	true
			}
		}],
	"end":	{
		"streams":	[{
				"sender":	{
					"socket":	6,
					"start":	0,
					"end":	20.000072,
					"seconds":	20.000072,
					"bytes":	114196480,
					"bits_per_second":	45678427.5576608,
					"retransmits":	0,
					"max_snd_cwnd":	57920,
					"max_rtt":	190,
					"min_rtt":	190,
					"mean_rtt":	190,
					"sender":	true
				},
				"receiver":	{
					"socket":	6,
					"start":	0,
					"end":	20.000261,
					"seconds":	20.000072,
					"bytes":	113822720,
					"bits_per_second":	45528493.853155218,
					"sender":	true
				}
			}],
		"sum_sent":	{
			"start":	0,
			"end":	20.000072,
			"seconds":	20.000072,
			"bytes":	114196480,
			"bits_per_second":	45678427.5576608,
			"retransmits":	0,
			"sender":	true
		},
		"sum_received":	{
			"start":	0,
			"end":	20.000261,
			"seconds":	20.000261,
			"bytes":	113822720,
			"bits_per_second":	45528493.853155218,
			"sender":	true
		},
		"cpu_utilization_percent":	{
			"host_total":	1.03915150480362,
			"host_user":	0.051122117483304343,
			"host_system":	0.988019390817092,
			"remote_total":	70.776229999491449,
			"remote_user":	0.31599062534001726,
			"remote_system":	70.460239374151428
		},
		"sender_tcp_congestion":	"cubic",
		"receiver_tcp_congestion":	"cubic"
	}
}
