{
	"start":	{
		"connected":	[{
				"socket":	6,
				"local_host":	"10.10.0.124",
				"local_port":	47878,
				"remote_host":	"10.10.0.123",
				"remote_port":	5201
			}, {
				"socket":	8,
				"local_host":	"10.10.0.124",
				"local_port":	47880,
				"remote_host":	"10.10.0.123",
				"remote_port":	5201
			}],
		"version":	"iperf 3.9",
		"system_info":	"Linux pmem-4 5.11.6-1-default #1 SMP Thu Mar 11 16:11:36 UTC 2021 (7358b30) x86_64",
		"timestamp":	{
			"time":	"Mon, 11 Oct 2021 13:41:26 GMT",
			"timesecs":	1633959686
		},
		"connecting_to":	{
			"host":	"10.10.0.123",
			"port":	5201
		},
		"cookie":	"4l5hhw7idpeh4weacqdwwml7n4g7sp2tmkls",
		"tcp_mss_default":	1448,
		"sock_bufsize":	0,
		"sndbuf_actual":	16384,
		"rcvbuf_actual":	131072,
		"sock_bufsize":	0,
		"sndbuf_actual":	16384,
		"rcvbuf_actual":	131072,
		"test_start":	{
			"protocol":	"TCP",
			"num_streams":	2,
			"blksize":	32768,
			"omit":	0,
			"duration":	20,
			"bytes":	0,
			"blocks":	0,
			"reverse":	0,
			"tos":	0
		}
	},
	"intervals":	[{
			"streams":	[{
					"socket":	6,
					"start":	0,
					"end":	20.000081,
					"seconds":	20.000080108642578,
					"bytes":	11770545536,
					"bits_per_second":	4708199356.02703,
					"retransmits":	0,
					"snd_cwnd":	1930184,
					"rtt":	1897,
					"rttvar":	115,
					"pmtu":	1500,
					"omitted":	false,
					"sender":	true
				}, {
					"socket":	8,
					"start":	0,
					"end":	20.000092,
					"seconds":	20.000091552734375,
					"bytes":	11771576320,
					"bits_per_second":	4708608973.6986675,
					"retransmits":	0,
					"snd_cwnd":	1830272,
					"rtt":	1912,
					"rttvar":	139,
					"pmtu":	1500,
					"omitted":	false,
					"sender":	true
				}],
			"sum":	{
				"start":	0,
				"end":	20.000081,
				"seconds":	20.000080108642578,
				"bytes":	23542121856,
				"bits_per_second":	9416811024.002573,
				"retransmits":	0,
				"omitted":	false,
				"sender":	true
			}
		}],
	"end":	{
		"streams":	[{
				"sender":	{
					"socket":	6,
					"start":	0,
					"end":	20.000081,
					"seconds":	20.000081,
					"bytes":	11770545536,
					"bits_per_second":	4708199146.1934576,
					"retransmits":	0,
					"max_snd_cwnd":	1930184,
					"max_rtt":	1897,
					"min_rtt":	1897,
					"mean_rtt":	1897,
					"sender":	true
				},
				"receiver":	{
					"socket":	6,
					"start":	0,
					"end":	20.000203,
					"seconds":	20.000081,
					"bytes":	11767951992,
					"bits_per_second":	4707133019.3998537,
					"sender":	true
				}
			}, {
				"sender":	{
					"socket":	8,
					"start":	0,
					"end":	20.000081,
					"seconds":	20.000081,
					"bytes":	11771576320,
					"bits_per_second":	4708611458.1235943,
					"retransmits":	0,
					"max_snd_cwnd":	1830272,
					"max_rtt":	1912,
					"min_rtt":	1912,
					"mean_rtt":	1912,
					"sender":	true
				},
				"receiver":	{
					"socket":	8,
					"start":	0,
					"end":	20.000203,
					"seconds":	20.000081,
					"bytes":	11768947104,
					"bits_per_second":	4707531060.15974,
					"sender":	true
				}
			}],
		"sum_sent":	{
			"start":	0,
			"end":	20.000081,
			"seconds":	20.000081,
			"bytes":	23542121856,
			"bits_per_second":	9416810604.31705,
			"retransmits":	0,
			"sender":	true
		},
		"sum_received":	{
			"start":	0,
			"end":	20.000203,
			"seconds":	20.000203,
			"bytes":	23536899096,
			"bits_per_second":	9414664079.5595932,
			"sender":	true
		},
		"cpu_utilization_percent":	{
			"host_total":	30.648250439596769,
			"host_user":	1.0796349718198608,
			"host_system":	29.56861046824012,
			"remote_total":	63.475644356658712,
			"remote_user":	1.490118808552553,
			"remote_system":	61.98552554810616
		},
		"sender_tcp_congestion":	"cubic",
		"receiver_tcp_congestion":	"cubic"
	}
}
