{
	"start":	{
		"connected":	[{
				"socket":	6,
				"local_host":	"10.10.0.124",
				"local_port":	46652,
				"remote_host":	"10.10.0.123",
				"remote_port":	5201
			}],
		"version":	"iperf 3.9",
		"system_info":	"Linux pmem-4 5.11.6-1-default #1 SMP Thu Mar 11 16:11:36 UTC 2021 (7358b30) x86_64",
		"timestamp":	{
			"time":	"Mon, 11 Oct 2021 12:05:06 GMT",
			"timesecs":	1633953906
		},
		"connecting_to":	{
			"host":	"10.10.0.123",
			"port":	5201
		},
		"cookie":	"cvqio5v5v3xpxzqxw4k3klnawof2uq7sw6ao",
		"tcp_mss_default":	1448,
		"sock_bufsize":	0,
		"sndbuf_actual":	16384,
		"rcvbuf_actual":	131072,
		"test_start":	{
			"protocol":	"TCP",
			"num_streams":	1,
			"blksize":	12288,
			"omit":	0,
			"duration":	20,
			"bytes":	0,
			"blocks":	0,
			"reverse":	0,
			"tos":	0
		}
	},
	"intervals":	[{
			"streams":	[{
					"socket":	6,
					"start":	0,
					"end":	20.000071,
					"seconds":	20.000070571899414,
					"bytes":	1887300344,
					"bits_per_second":	754917473.80199862,
					"retransmits":	0,
					"snd_cwnd":	118736,
					"rtt":	134,
					"rttvar":	9,
					"pmtu":	1500,
					"omitted":	false,
					"sender":	true
				}],
			"sum":	{
				"start":	0,
				"end":	20.000071,
				"seconds":	20.000070571899414,
				"bytes":	1887300344,
				"bits_per_second":	754917473.80199862,
				"retransmits":	0,
				"omitted":	false,
				"sender":	true
			}
		}],
	"end":	{
		"streams":	[{
				"sender":	{
					"socket":	6,
					"start":	0,
					"end":	20.000071,
					"seconds":	20.000071,
					"bytes":	1887300344,
					"bits_per_second":	754917457.6430254,
					"retransmits":	0,
					"max_snd_cwnd":	118736,
					"max_rtt":	134,
					"min_rtt":	134,
					"mean_rtt":	134,
					"sender":	true
				},
				"receiver":	{
					"socket":	6,
					"start":	0,
					"end":	20.000226,
					"seconds":	20.000071,
					"bytes":	1885925376,
					"bits_per_second":	754361626.11362481,
					"sender":	true
				}
			}],
		"sum_sent":	{
			"start":	0,
			"end":	20.000071,
			"seconds":	20.000071,
			"bytes":	1887300344,
			"bits_per_second":	754917457.6430254,
			"retransmits":	0,
			"sender":	true
		},
		"sum_received":	{
			"start":	0,
			"end":	20.000226,
			"seconds":	20.000226,
			"bytes":	1885925376,
			"bits_per_second":	754361626.11362481,
			"sender":	true
		},
		"cpu_utilization_percent":	{
			"host_total":	3.0341407899284727,
			"host_user":	0.16003503091229018,
			"host_system":	2.8741007591714278,
			"remote_total":	57.85640847071447,
			"remote_user":	1.3252844428484234,
			"remote_system":	56.531129025149028
		},
		"sender_tcp_congestion":	"cubic",
		"receiver_tcp_congestion":	"cubic"
	}
}
