{
	"start":	{
		"connected":	[{
				"socket":	6,
				"local_host":	"10.10.0.124",
				"local_port":	46614,
				"remote_host":	"10.10.0.123",
				"remote_port":	5201
			}],
		"version":	"iperf 3.9",
		"system_info":	"Linux pmem-4 5.11.6-1-default #1 SMP Thu Mar 11 16:11:36 UTC 2021 (7358b30) x86_64",
		"timestamp":	{
			"time":	"Mon, 11 Oct 2021 12:03:46 GMT",
			"timesecs":	1633953826
		},
		"connecting_to":	{
			"host":	"10.10.0.123",
			"port":	5201
		},
		"cookie":	"sfs4yjyphuy5aei7e6r3zefjwvvzwvlc3yhp",
		"tcp_mss_default":	1448,
		"sock_bufsize":	0,
		"sndbuf_actual":	16384,
		"rcvbuf_actual":	131072,
		"test_start":	{
			"protocol":	"TCP",
			"num_streams":	1,
			"blksize":	8192,
			"omit":	0,
			"duration":	20,
			"bytes":	0,
			"blocks":	0,
			"reverse":	0,
			"tos":	0
		}
	},
	"intervals":	[{
			"streams":	[{
					"socket":	6,
					"start":	0,
					"end":	20.000071,
					"seconds":	20.000070571899414,
					"bytes":	1391493120,
					"bits_per_second":	556595284.00068021,
					"retransmits":	0,
					"snd_cwnd":	101360,
					"rtt":	115,
					"rttvar":	2,
					"pmtu":	1500,
					"omitted":	false,
					"sender":	true
				}],
			"sum":	{
				"start":	0,
				"end":	20.000071,
				"seconds":	20.000070571899414,
				"bytes":	1391493120,
				"bits_per_second":	556595284.00068021,
				"retransmits":	0,
				"omitted":	false,
				"sender":	true
			}
		}],
	"end":	{
		"streams":	[{
				"sender":	{
					"socket":	6,
					"start":	0,
					"end":	20.000071,
					"seconds":	20.000071,
					"bytes":	1391493120,
					"bits_per_second":	556595272.086784,
					"retransmits":	0,
					"max_snd_cwnd":	101360,
					"max_rtt":	115,
					"min_rtt":	115,
					"mean_rtt":	115,
					"sender":	true
				},
				"receiver":	{
					"socket":	6,
					"start":	0,
					"end":	20.000269,
					"seconds":	20.000071,
					"bytes":	1390772224,
					"bits_per_second":	556301407.34607124,
					"sender":	true
				}
			}],
		"sum_sent":	{
			"start":	0,
			"end":	20.000071,
			"seconds":	20.000071,
			"bytes":	1391493120,
			"bits_per_second":	556595272.086784,
			"retransmits":	0,
			"sender":	true
		},
		"sum_received":	{
			"start":	0,
			"end":	20.000269,
			"seconds":	20.000269,
			"bytes":	1390772224,
			"bits_per_second":	556301407.34607124,
			"sender":	true
		},
		"cpu_utilization_percent":	{
			"host_total":	2.7789230197094832,
			"host_user":	0.34227928665832763,
			"host_system":	2.4366337333641455,
			"remote_total":	54.520480090627544,
			"remote_user":	1.1725373710507863,
			"remote_system":	53.347947714921851
		},
		"sender_tcp_congestion":	"cubic",
		"receiver_tcp_congestion":	"cubic"
	}
}
