{
	"start":	{
		"connected":	[{
				"socket":	6,
				"local_host":	"10.10.0.124",
				"local_port":	47840,
				"remote_host":	"10.10.0.123",
				"remote_port":	5201
			}, {
				"socket":	8,
				"local_host":	"10.10.0.124",
				"local_port":	47842,
				"remote_host":	"10.10.0.123",
				"remote_port":	5201
			}],
		"version":	"iperf 3.9",
		"system_info":	"Linux pmem-4 5.11.6-1-default #1 SMP Thu Mar 11 16:11:36 UTC 2021 (7358b30) x86_64",
		"timestamp":	{
			"time":	"Mon, 11 Oct 2021 13:40:06 GMT",
			"timesecs":	1633959606
		},
		"connecting_to":	{
			"host":	"10.10.0.123",
			"port":	5201
		},
		"cookie":	"sdnl6n2xa3a4okcs3yyq2sm42kbq6lbjsgyj",
		"tcp_mss_default":	1448,
		"sock_bufsize":	0,
		"sndbuf_actual":	16384,
		"rcvbuf_actual":	131072,
		"sock_bufsize":	0,
		"sndbuf_actual":	16384,
		"rcvbuf_actual":	131072,
		"test_start":	{
			"protocol":	"TCP",
			"num_streams":	2,
			"blksize":	24576,
			"omit":	0,
			"duration":	20,
			"bytes":	0,
			"blocks":	0,
			"reverse":	0,
			"tos":	0
		}
	},
	"intervals":	[{
			"streams":	[{
					"socket":	6,
					"start":	0,
					"end":	20.00008,
					"seconds":	20.000080108642578,
					"bytes":	11769246728,
					"bits_per_second":	4707679834.907937,
					"retransmits":	0,
					"snd_cwnd":	1410352,
					"rtt":	1751,
					"rttvar":	76,
					"pmtu":	1500,
					"omitted":	false,
					"sender":	true
				}, {
					"socket":	8,
					"start":	0,
					"end":	20.000092,
					"seconds":	20.000091552734375,
					"bytes":	11772452544,
					"bits_per_second":	4708959461.69426,
					"retransmits":	0,
					"snd_cwnd":	1414696,
					"rtt":	1735,
					"rttvar":	75,
					"pmtu":	1500,
					"omitted":	false,
					"sender":	true
				}],
			"sum":	{
				"start":	0,
				"end":	20.00008,
				"seconds":	20.000080108642578,
				"bytes":	23541699272,
				"bits_per_second":	9416641991.07962,
				"retransmits":	0,
				"omitted":	false,
				"sender":	true
			}
		}],
	"end":	{
		"streams":	[{
				"sender":	{
					"socket":	6,
					"start":	0,
					"end":	20.00008,
					"seconds":	20.00008,
					"bytes":	11769246728,
					"bits_per_second":	4707679860.4805584,
					"retransmits":	0,
					"max_snd_cwnd":	1410352,
					"max_rtt":	1751,
					"min_rtt":	1751,
					"mean_rtt":	1751,
					"sender":	true
				},
				"receiver":	{
					"socket":	6,
					"start":	0,
					"end":	20.000177,
					"seconds":	20.00008,
					"bytes":	11766389920,
					"bits_per_second":	4706514315.3483086,
					"sender":	true
				}
			}, {
				"sender":	{
					"socket":	8,
					"start":	0,
					"end":	20.00008,
					"seconds":	20.00008,
					"bytes":	11772452544,
					"bits_per_second":	4708962181.7512732,
					"retransmits":	0,
					"max_snd_cwnd":	1414696,
					"max_rtt":	1735,
					"min_rtt":	1735,
					"mean_rtt":	1735,
					"sender":	true
				},
				"receiver":	{
					"socket":	8,
					"start":	0,
					"end":	20.000177,
					"seconds":	20.00008,
					"bytes":	11769704552,
					"bits_per_second":	4707840156.4146156,
					"sender":	true
				}
			}],
		"sum_sent":	{
			"start":	0,
			"end":	20.00008,
			"seconds":	20.00008,
			"bytes":	23541699272,
			"bits_per_second":	9416642042.23183,
			"retransmits":	0,
			"sender":	true
		},
		"sum_received":	{
			"start":	0,
			"end":	20.000177,
			"seconds":	20.000177,
			"bytes":	23536094472,
			"bits_per_second":	9414354471.7629242,
			"sender":	true
		},
		"cpu_utilization_percent":	{
			"host_total":	34.1624869177914,
			"host_user":	1.59039859257859,
			"host_system":	32.572078325913267,
			"remote_total":	63.494159286552,
			"remote_user":	2.274387858151889,
			"remote_system":	61.219776425374441
		},
		"sender_tcp_congestion":	"cubic",
		"receiver_tcp_congestion":	"cubic"
	}
}
