{
	"start":	{
		"connected":	[{
				"socket":	6,
				"local_host":	"10.10.0.124",
				"local_port":	46618,
				"remote_host":	"10.10.0.123",
				"remote_port":	5201
			}, {
				"socket":	8,
				"local_host":	"10.10.0.124",
				"local_port":	46620,
				"remote_host":	"10.10.0.123",
				"remote_port":	5201
			}],
		"version":	"iperf 3.9",
		"system_info":	"Linux pmem-4 5.11.6-1-default #1 SMP Thu Mar 11 16:11:36 UTC 2021 (7358b30) x86_64",
		"timestamp":	{
			"time":	"Mon, 11 Oct 2021 12:04:06 GMT",
			"timesecs":	1633953846
		},
		"connecting_to":	{
			"host":	"10.10.0.123",
			"port":	5201
		},
		"cookie":	"dmxwxtzbughx5b7dgg5toqx5apa6eldzz42k",
		"tcp_mss_default":	1448,
		"sock_bufsize":	0,
		"sndbuf_actual":	16384,
		"rcvbuf_actual":	131072,
		"sock_bufsize":	0,
		"sndbuf_actual":	16384,
		"rcvbuf_actual":	131072,
		"test_start":	{
			"protocol":	"TCP",
			"num_streams":	2,
			"blksize":	8192,
			"omit":	0,
			"duration":	20,
			"bytes":	0,
			"blocks":	0,
			"reverse":	0,
			"tos":	0
		}
	},
	"intervals":	[{
			"streams":	[{
					"socket":	6,
					"start":	0,
					"end":	20.000077,
					"seconds":	20.000076293945312,
					"bytes":	1224284336,
					"bits_per_second":	489711866.29748267,
					"retransmits":	0,
					"snd_cwnd":	72400,
					"rtt":	142,
					"rttvar":	7,
					"pmtu":	1500,
					"omitted":	false,
					"sender":	true
				}, {
					"socket":	8,
					"start":	0,
					"end":	20.000087,
					"seconds":	20.000087738037109,
					"bytes":	1224518312,
					"bits_per_second":	489805176.07276428,
					"retransmits":	0,
					"snd_cwnd":	69504,
					"rtt":	141,
					"rttvar":	5,
					"pmtu":	1500,
					"omitted":	false,
					"sender":	true
				}],
			"sum":	{
				"start":	0,
				"end":	20.000077,
				"seconds":	20.000076293945312,
				"bytes":	2448802648,
				"bits_per_second":	979517322.63794768,
				"retransmits":	0,
				"omitted":	false,
				"sender":	true
			}
		}],
	"end":	{
		"streams":	[{
				"sender":	{
					"socket":	6,
					"start":	0,
					"end":	20.000077,
					"seconds":	20.000077,
					"bytes":	1224284336,
					"bits_per_second":	489711849.00938129,
					"retransmits":	0,
					"max_snd_cwnd":	72400,
					"max_rtt":	142,
					"min_rtt":	142,
					"mean_rtt":	142,
					"sender":	true
				},
				"receiver":	{
					"socket":	6,
					"start":	0,
					"end":	20.000246,
					"seconds":	20.000077,
					"bytes":	1223761920,
					"bits_per_second":	489498747.16540986,
					"sender":	true
				}
			}, {
				"sender":	{
					"socket":	8,
					"start":	0,
					"end":	20.000077,
					"seconds":	20.000077,
					"bytes":	1224518312,
					"bits_per_second":	489805439.04905963,
					"retransmits":	0,
					"max_snd_cwnd":	69504,
					"max_rtt":	141,
					"min_rtt":	141,
					"mean_rtt":	141,
					"sender":	true
				},
				"receiver":	{
					"socket":	8,
					"start":	0,
					"end":	20.000246,
					"seconds":	20.000077,
					"bytes":	1223761920,
					"bits_per_second":	489498747.16540986,
					"sender":	true
				}
			}],
		"sum_sent":	{
			"start":	0,
			"end":	20.000077,
			"seconds":	20.000077,
			"bytes":	2448802648,
			"bits_per_second":	979517288.058441,
			"retransmits":	0,
			"sender":	true
		},
		"sum_received":	{
			"start":	0,
			"end":	20.000246,
			"seconds":	20.000246,
			"bytes":	2447523840,
			"bits_per_second":	978997494.33081973,
			"sender":	true
		},
		"cpu_utilization_percent":	{
			"host_total":	4.9782410879456025,
			"host_user":	0.34525273736313183,
			"host_system":	4.6329833508324585,
			"remote_total":	60.3678111771155,
			"remote_user":	1.3412542607918989,
			"remote_system":	59.0265619138803
		},
		"sender_tcp_congestion":	"cubic",
		"receiver_tcp_congestion":	"cubic"
	}
}
